business_name,insta_link,insta_followers,insta_ave_views_first5_biz_202309,insta_ave_likes_first5_biz_202309,insta_ave_comments_first5_biz_202309,insta_ave_views_first5_biz_202308,insta_ave_likes_first5_biz_202308,insta_ave_comments_first5_biz_202308,insta_ave_views_first5_biz_202307,insta_ave_likes_first5_biz_202307,insta_ave_comments_first5_biz_202307,insta_ave_views_first5_biz_202306,insta_ave_likes_first5_biz_202306,insta_ave_comments_first5_biz_202306,insta_ave_views_first5_biz_202305,insta_ave_likes_first5_biz_202305,insta_ave_comments_first5_biz_202305,insta_ave_views_first5_biz_202304,insta_ave_likes_first5_biz_202304,insta_ave_comments_first5_biz_202304,fb_link,fb_followers,fb_ave_views_first5_biz_202309,fb_ave_likes_first5_biz_202309,fb_ave_comments_first5_biz_202309,fb_ave_views_first5_biz_202308,fb_ave_likes_first5_biz_202308,fb_ave_comments_first5_biz_202308,fb_ave_views_first5_biz_202307,fb_ave_likes_first5_biz_202307,fb_ave_comments_first5_biz_202307,fb_ave_views_first5_biz_202306,fb_ave_likes_first5_biz_202306,fb_ave_comments_first5_biz_202306,fb_ave_views_first5_biz_202305,fb_ave_likes_first5_biz_202305,fb_ave_comments_first5_biz_202305,fb_ave_views_first5_biz_202304,fb_ave_likes_first5_biz_202304,fb_ave_comments_first5_biz_202304,,insta_name,tiktok_link,tiktok_followers,tiktok_likes,tiktok_ave_views_first5_biz_202309,tiktok_ave_likes_first5_biz_202309,tiktok_ave_comments_first5_biz_202309,tiktok_ave_views_first5_biz_202308,tiktok_ave_likes_first5_biz_202308,tiktok_ave_comments_first5_biz_202308,tiktok_ave_views_first5_biz_202307,tiktok_ave_likes_first5_biz_202307,tiktok_ave_comments_first5_biz_202307,tiktok_ave_views_first5_biz_202306,tiktok_ave_likes_first5_biz_202306,tiktok_ave_comments_first5_biz_202306,tiktok_ave_views_first5_biz_202305,tiktok_ave_likes_first5_biz_202305,tiktok_ave_comments_first5_biz_202305,tiktok_ave_views_first5_biz_202304,tiktok_ave_likes_first5_biz_202304,tiktok_ave_comments_first5_biz_202304,insta_name,tiktok_ave_views_first5_nonbiz_202309,tiktok_ave_likes_first5_nonbiz_202309,tiktok_ave_comments_first5_nonbiz_202309,tiktok_ave_views_first5_nonbiz_202308,tiktok_ave_likes_first5_nonbiz_202308,tiktok_ave_comments_first5_nonbiz_202308,tiktok_ave_views_first5_nonbiz_202307,tiktok_ave_likes_first5_nonbiz_202307,tiktok_ave_comments_first5_nonbiz_202307,tiktok_ave_views_first5_nonbiz_202306,tiktok_ave_likes_first5_nonbiz_202306,tiktok_ave_comments_first5_nonbiz_202306,tiktok_ave_views_first5_nonbiz_202305,tiktok_ave_likes_first5_nonbiz_202305,tiktok_ave_comments_first5_nonbiz_202305,tiktok_ave_views_first5_nonbiz_202304,tiktok_ave_likes_first5_nonbiz_202304,tiktok_ave_comments_first5_nonbiz_202304
Cafe Luna,https://www.instagram.com/cafelunacentralsq/,"3,160.0",na,na,na,na,na,na,na,na,na,na,na,na,na,na,na,na,51.3,6.3,https://www.facebook.com/CafeLunaCentralSq/?ref=page_internal,"1,800.0",na,0.0,0.0,na,0.0,0.0,na,0.0,0.0,na,13.0,7.0,na,0.0,0.0,na,13.0,0.0,,cafelunacentralsq,na,na,na,na,na,na,na,na,na,na,na,na,na,na,na,na,na,na,na,na,na,cafelunacentralsq,"2,116.00",27.00,0.50,"86,735.67","5,015.67",38.00,"16,600.00",552.00,4.00,"1,821.67",35.50,3.00,"3,020.00",134.00,3.00,0.00,0.00,0.00
Moona,https://www.instagram.com/moonarestaurant/,"6,882.0",na,50.5,1.0,na,70.0,5.0,na,41.0,1.0,na,43.8,1.6,na,53.0,4.0,na,58.7,2.0,https://www.facebook.com/MoonaCambridge/?view_public_for=124987001267619,645.0,na,0.0,0.0,na,0.0,0.0,na,0.0,0.0,na,1.8,0.0,na,1.3,0.0,na,1.0,0.0,,moonarestaurant,na,na,na,na,na,na,na,na,na,na,na,na,na,na,na,na,na,na,na,na,na,moonarestaurant,0.00,0.00,0.00,"1,422.00",7.00,0.00,0.00,0.00,0.00,"18,484.00","1,112.00",10.00,968.00,40.00,5.00,"63,700.00","2,569.00",52.00
4 Corners Pizza,https://www.instagram.com/4cornerspizza/,"27,000.0","13,548.0",424.0,47.0,"23,624.5","1,096.5",23.0,"29,607.7","1,345.3",37.7,"23,750.0",975.0,28.5,"3,992.0",188.3,7.7,"40,541.7","1,078.0",108.7,https://www.facebook.com/4cornerspizza,"1,000.0",na,0.0,0.0,na,2.0,1.0,na,5.5,0.0,na,3.0,1.0,na,7.0,1.0,na,0.0,0.0,,4cornerspizza,https://www.tiktok.com/@4cornerspizza,"1,651.0","37,700.0","2,569.7",85.0,1.3,0.0,0.0,0.0,"27,800.0",551.0,7.0,"1,363.0",42.0,2.0,0.0,0.0,0.0,882.0,18.0,2.0,4cornerspizza,720.00,30.00,0.00,0.00,0.00,0.00,"13,350.00","1,453.00",24.50,"16,813.50",405.20,3.00,"25,633.50","4,121.00",22.00,"1,402.00",43.00,1.50
Hunters,https://www.instagram.com/huntersboston/,"21,000.0","12,321.0",256.0,4.6,"7,276.0",260.2,2.6,na,207.4,3.0,"11,000.0",218.6,21.8,"5,474.0",199.6,5.6,"10,906.0",280.8,5.8,https://www.facebook.com/huntersboston,217.0,na,0.0,0.0,na,0.0,0.0,na,1.0,0.0,na,0.0,0.0,na,0.0,0.0,na,0.0,0.0,,huntersboston,https://www.tiktok.com/@huntersboston,20.0,41.0,0.0,0.0,0.0,0.0,0.0,0.0,0.0,0.0,0.0,0.0,0.0,0.0,0.0,0.0,0.0,0.0,0.0,0.0,huntersboston,0.00,0.00,0.00,0.00,0.00,0.00,989.00,6.00,0.00,"2,212.00",129.50,1.00,566.00,31.00,1.00,378.80,12.00,0.40
Ruka Resto Bar,https://www.instagram.com/rukarestobar/,"12,000.0","4,897.0",157.4,1.4,"2,701.0",118.4,1.8,"3,869.0",113.2,1.2,"3,009.5",98.8,3.0,"4,362.5",107.0,1.6,"4,163.0",131.0,3.6,https://www.facebook.com/RUKARestobar/,924.0,na,2.0,0.0,na,2.5,0.0,na,3.0,0.0,na,2.1,0.0,na,1.9,0.0,na,1.1,0.0,,rukarestobar,na,na,na,na,na,na,na,na,na,na,na,na,na,na,na,na,na,na,na,na,na,rukarestobar,899.00,30.50,1.00,"3,628.00",174.00,1.00,798.50,18.50,0.00,0.00,0.00,0.00,0.00,0.00,0.00,0.00,0.00,0.00
Committee,https://www.instagram.com/committeeboston/,"15,000.0","7,533.0",348.5,16.0,na,na,na,na,na,na,na,74.5,2.0,na,74.3,1.3,na,62.8,1.3,https://www.facebook.com/CommitteeBoston,"5,800.0",na,3.0,0.0,na,0.0,0.0,na,0.0,0.0,na,0.0,0.0,na,0.0,0.0,na,0.0,0.0,,committeeboston,na,na,na,na,na,na,na,na,na,na,na,na,na,na,na,na,na,na,na,na,na,committeeboston,0.00,0.00,0.00,0.00,0.00,0.00,0.00,0.00,0.00,0.00,0.00,0.00,0.00,0.00,0.00,"1,428.00",65.00,2.33
Zuma,https://www.instagram.com/zumabostonofficial/,"16,000.0","3,680.0",119.0,5.0,"1,562.0",390.0,11.0,"2,068.0",178.0,5.5,"1,715.0",236.0,2.0,"2,789.0",105.3,1.0,"3,514.0",135.0,5.0,https://www.facebook.com/zumabostonofficial/,"1,500.0",na,0.0,0.0,na,0.0,0.0,na,0.0,0.0,na,5.0,0.0,na,1.0,0.0,na,4.0,0.0,,zumabostonofficial,https://www.tiktok.com/@zumarestaurantofficial?_t=8boBTDWz43e&_r=1,"26,600.0","611,900.0","5,736.5",109.3,0.5,"36,312.2","1,191.6",4.0,"8,120.0",134.4,1.0,"238,680.8","2,359.0",9.8,"74,474.8","2,023.2",20.8,0.0,0.0,0.0,zumabostonofficial,"3,189.00",126.20,1.80,"23,314.67","1,347.67",14.33,"3,610.20",231.00,2.60,"7,389.25",60.50,6.00,"12,850.00",374.50,2.00,"1,552.33",72.67,1.67
Orleans Bar & Restaurant,https://www.instagram.com/orleansdavissq/,"1,044.0",na,11.0,1.0,"1,493.0",21.8,1.4,na,15.6,2.8,na,12.0,0.8,na,18.6,1.8,na,13.2,1.4,https://www.facebook.com/OrleansDavisSquare,9.0,na,0.0,0.0,na,0.0,0.0,na,0.0,0.0,na,0.0,0.0,na,0.0,0.0,na,0.0,0.0,,orleansdavissq,https://www.tiktok.com/@orleansdavissq,6.0,8.0,0.0,0.0,0.0,0.0,0.0,0.0,0.0,0.0,0.0,0.0,0.0,0.0,0.0,0.0,0.0,0.0,0.0,0.0,orleansdavissq,0.00,0.00,0.00,0.00,0.00,0.00,0.00,0.00,0.00,0.00,0.00,0.00,0.00,0.00,0.00,464.00,11.00,0.00
Nagomi Kenmore,https://www.instagram.com/nagomikenmore/,"2,290.0",na,39.6,2.4,"22,000.0",150.8,3.0,na,64.0,3.4,"1,036.0",39.0,1.2,997.5,56.4,3.4,918.5,52.2,1.4,https://www.facebook.com/profile.php?id=100071442613653,80.0,na,0.8,0.0,na,0.6,0.0,na,0.4,0.0,na,1.4,0.0,na,0.0,0.0,na,0.4,0.0,,nagomikenmore,https://www.tiktok.com/@nagomikenmore,9.0,62.0,0.0,0.0,0.0,0.0,0.0,0.0,0.0,0.0,0.0,0.0,0.0,0.0,0.0,0.0,0.0,0.0,0.0,0.0,nagomikenmore,0.00,0.00,0.00,283.00,17.00,0.00,0.00,0.00,0.00,0.00,0.00,0.00,0.00,0.00,0.00,0.00,0.00,0.00
The Lexington,https://www.instagram.com/thelexingtoncx/,"44,431.0",na,47.8,0.6,"2,963.0",45.5,1.0,"2,600.0",54.8,1.4,na,48.0,0.6,na,36.6,0.4,na,59.4,0.4,na,na,na,na,na,na,na,na,na,na,na,na,na,na,na,na,na,na,na,na,,thelexingtoncx,na,na,na,na,na,na,na,na,na,na,na,na,na,na,na,na,na,na,na,na,na,thelexingtoncx,0.00,0.00,0.00,"2,735.50",96.50,0.50,0.00,0.00,0.00,0.00,0.00,0.00,0.00,0.00,0.00,0.00,0.00,0.00
Bistro du Midi Boston,https://www.instagram.com/bistrodumidi/,"5,869.0",na,92.0,2.8,na,63.4,1.4,"3,017.0",93.6,2.8,na,48.4,0.8,na,66.0,2.2,"2,028.0",69.0,1.4,https://www.facebook.com/Bistrodumidi/,"3,300.0",na,0.0,0.0,na,0.0,0.0,na,0.0,0.0,na,4.0,1.0,na,6.0,1.0,na,0.0,0.0,,bistrodumidi,na,na,na,na,na,na,na,na,na,na,na,na,na,na,na,na,na,na,na,na,na,bistrodumidi,0.00,0.00,0.00,0.00,0.00,0.00,362.00,10.00,0.00,591.50,0.00,0.00,"1,183.00",81.00,14.00,0.00,0.00,0.00
LoLa 42,https://www.instagram.com/lola42boston/,"8,504.0","1,434.0",63.6,2.2,na,50.2,1.2,"1,757.5",71.5,1.0,na,226.5,12.0,"1,611.0",97.0,4.0,na,na,na,https://www.facebook.com/lola42boston,"2,600.0",na,2.2,0.0,na,3.0,0.0,na,0.0,0.0,na,2.0,0.0,na,3.0,0.0,na,4.2,0.0,,lola42boston,https://www.tiktok.com/@lola42boston,2.0,3.0,0.0,0.0,0.0,0.0,0.0,0.0,0.0,0.0,0.0,0.0,0.0,0.0,0.0,0.0,0.0,0.0,0.0,0.0,lola42boston,543.00,11.00,3.00,"1,052.50",32.00,2.50,0.00,0.00,0.00,644.00,20.50,0.50,"14,221.00",498.00,4.50,0.00,0.00,0.00
No. 9 Park,https://www.instagram.com/no9park/,"8,677.0",na,61.0,4.5,na,115.0,2.5,na,265.0,9.0,na,124.7,3.0,na,120.5,0.3,na,133.0,0.5,na,na,na,na,na,na,na,na,na,na,na,na,na,na,na,na,na,na,na,na,,no9park,na,na,na,na,na,na,na,na,na,na,na,na,na,na,na,na,na,na,na,na,na,no9park,0.00,0.00,0.00,0.00,0.00,0.00,0.00,0.00,0.00,0.00,0.00,0.00,804.00,23.50,0.00,277.00,4.00,0.00
Stella Cheeses,https://www.instagram.com/stellacheeses/,"3,612.0",405.0,31.1,5.0,252.5,31.0,0.7,461.0,30.8,1.8,910.0,67.8,0.4,na,na,na,na,na,na,https://www.facebook.com/StellaCheeses/,"80,000.0",na,0.0,0.0,na,3.0,0.0,na,0.0,0.0,na,7.4,0.4,na,0.0,0.0,na,0.0,0.0,,stellacheeses,https://www.tiktok.com/@stellacheeses,23.0,287.0,950.0,89.5,0.0,460.5,9.5,0.0,643.0,19.8,0.3,161.0,5.0,0.5,0.0,0.0,0.0,0.0,0.0,0.0,stellacheeses,"11,745.00",975.25,9.50,"2,952.00",96.00,0.00,"2,234.00",65.00,3.00,"2,626.00",266.60,2.00,804.00,23.50,0.00,899.00,68.50,2.00
Bar Vlaha,https://www.instagram.com/barvlaha/,"7,004.0","31,000.0",172.6,3.6,"6,641.0",101.0,3.6,"4,456.0",166.3,1.7,"7,997.0",215.5,3.8,"5,398.0",204.4,5.2,"7,720.0",182.6,3.8,https://www.facebook.com/barvlaha,145.0,na,0.0,0.0,na,0.0,0.0,na,0.0,0.0,na,0.0,0.0,na,0.0,0.0,na,0.0,0.0,,barvlaha,https://www.tiktok.com/@bar_vlaha,9.0,51.0,0.0,0.0,0.0,0.0,0.0,0.0,272.0,15.0,0.0,"1,164.0",36.0,0.0,0.0,0.0,0.0,0.0,0.0,0.0,barvlaha,"5,166.20",176.20,9.60,"5,402.25",240.75,3.50,"18,836.00",753.50,4.00,"1,175.00",36.00,0.00,"22,777.00","1,150.50",9.50,"9,288.50",311.50,0.00
Levain Bakery,https://www.instagram.com/levainbakery/,"502,000.0",na,"2,464.6",21.4,"46,000.0","2,835.0",31.4,"95,250.0","3,396.8",27.0,"53,000.0","1,785.0",32.4,"359,000.0","7,864.8",59.0,"52,000.0","2,907.8",34.6,https://www.facebook.com/LevainBakery/,"61,000.0",na,190.4,18.6,na,109.8,10.0,na,235.6,16.4,na,"4,610.6",110.2,na,141.4,12.0,na,148.0,18.8,,levainbakery,https://www.tiktok.com/@levainbakery,"9,241.0","83,100.0","10,655.8",557.0,5.0,"3,557.4",155.6,3.4,"3,930.8",161.6,3.0,"36,765.0","1,822.8",30.4,"3,944.6",143.4,3.8,"9,539.7",379.3,9.3,levainbakery,"5,008.00",69.50,1.00,"50,285.00","2,522.00",13.50,"51,000.75","3,080.75",34.50,"4,492.80",212.80,1.40,0.00,0.00,0.00,0.00,0.00,0.00
Hood Dairy,https://www.instagram.com/hphood/,"5,408.0",758.7,28.2,5.4,na,40.4,8.8,na,46.0,7.6,590.0,33.0,3.4,na,39.6,2.4,na,37.0,4.6,,,na,,,na,,,na,,,na,,,na,,,na,,,,hphood,na,na,na,na,na,na,na,na,na,na,na,na,na,na,na,na,na,na,na,na,na,hphood,na,na,na,na,na,na,na,na,na,na,na,na,na,na,na,na,na,na
Crazy Good Kitchen,https://www.instagram.com/crazygoodkitchen_/,"47,000.0","13,000.0",182.5,2.5,na,377.0,10.8,"6,776.0",165.8,4.2,"5,522.0",102.8,13.4,"10,000.0",228.2,39.6,"16,000.0",311.0,73.6,https://www.facebook.com/crazygoodkitchen/,"4,300.0",na,2.6,0.0,na,2.6,0.2,na,2.4,0.4,na,3.0,0.4,na,2.8,0.0,na,4.0,0.6,,crazygoodkitchen_,https://www.tiktok.com/@crazygoodkitchen,"8,559.0","31,900.0",758.0,25.3,0.0,794.0,18.0,0.0,391.0,10.6,0.0,"2,640.8",69.7,0.0,"3,645.0",167.0,0.0,789.0,49.0,0.0,crazygoodkitchen_,"98,875.00","11,356.50",68.00,"1,020.00",61.00,10.00,"3,977.67",248.67,9.00,0.00,0.00,0.00,"21,151.33",836.33,7.33,"20,676.00",698.00,6.00
Grill 23 & Bar,https://www.instagram.com/grill23andbar/,"8,674.0",na,89.0,0.5,na,152.4,4.0,"2,112.0",120.4,2.2,na,199.6,3.6,na,164.2,5.6,na,123.8,2.3,https://www.facebook.com/grill23andbar/,"7,400.0",na,0.0,0.0,na,0.0,0.0,na,0.0,0.0,na,0.0,0.0,na,0.0,0.0,na,0.0,0.0,,grill23andbar,na,na,na,na,na,na,na,na,na,na,na,na,na,na,na,na,na,na,na,na,na,grill23andbar,"6,050.00",113.00,1.00,0.00,0.00,0.00,"1,118.50",27.50,0.00,0.00,0.00,0.00,0.00,0.00,0.00,634.00,23.00,1.00
Smith & Wollensky,https://www.instagram.com/smithwollensky/,"30,000.0","3,776.3",111.0,4.6,"8,297.0",126.8,3.0,"3,416.0",85.2,3.2,"1,883.0",90.2,2.8,"2,793.0",69.8,4.4,"5,778.0",159.3,6.5,https://www.facebook.com/smithandwollenskysteakhouse,"26,000.0",na,16.2,1.8,na,12.8,0.4,na,19.0,0.4,na,15.4,1.0,na,22.8,0.8,na,16.0,0.0,,smithwollensky,https://www.tiktok.com/@smithwollensky,40.0,89.0,0.0,0.0,0.0,0.0,0.0,0.0,0.0,0.0,0.0,0.0,0.0,0.0,0.0,0.0,0.0,0.0,0.0,0.0,smithwollensky,"3,146.60",81.80,6.20,0.00,0.00,0.00,510.00,22.00,1.00,"4,736.00",125.00,6.00,"13,900.00",304.00,6.00,0.00,0.00,0.00
LoLa Burger,https://www.instagram.com/thelolaburger/,"4,764.0","14,000.0",119.5,2.0,"1,664.0",56.3,1.8,"1,482.0",58.2,0.8,960.0,35.8,0.3,"3,078.0",213.0,70.5,"17,900.0",519.0,44.0,https://www.facebook.com/lolaburger,"2,600.0",na,3.0,0.0,na,1.3,0.0,na,4.6,0.0,na,1.4,0.0,na,2.8,0.3,na,0.0,0.0,,thelolaburger,https://www.tiktok.com/@lolaburger,0.0,0.0,0.0,0.0,0.0,0.0,0.0,0.0,0.0,0.0,0.0,0.0,0.0,0.0,0.0,0.0,0.0,0.0,0.0,0.0,thelolaburger,"11,838.00",342.75,2.25,490.00,7.00,0.00,0.00,0.00,0.00,0.00,0.00,0.00,"6,357.00",108.00,4.00,"17,505.00",622.75,3.50
Woods Hill Pier 4,https://www.instagram.com/woodshillpier4/,"13,000.0","4,615.0",175.4,2.0,"41,000.0",311.2,6.6,"10,825.7",321.4,10.4,"6,300.0",180.6,5.0,"3,711.0",125.6,2.8,na,178.8,4.3,https://www.facebook.com/woodshillpier4/,"1,700.0",na,0.0,0.0,na,12.0,0.0,na,8.0,1.0,na,2.0,0.0,na,9.0,0.0,na,12.5,0.3,,woodshillpier4,na,na,na,na,na,na,na,na,na,na,na,na,na,na,na,na,na,na,na,na,na,woodshillpier4,"3,509.00",60.00,0.50,"78,400.00","3,368.00",38.00,"107,299.80","5,231.40",51.20,0.00,0.00,0.00,"9,113.00",193.00,0.00,"3,077.00",71.25,1.00
Petit Robert Bistro,https://www.instagram.com/petitrobertbistro/,"6,383.0",na,na,"1,225.5",na,na,"3,329.0","3,133.7",138.8,2.2,"4,102.0",67.0,0.5,na,na,na,"2,038.0",95.0,2.5,https://www.facebook.com/petit.r.bistro,"5,500.0",na,7.2,0.0,na,8.4,0.0,na,14.3,0.6,na,7.6,0.0,na,0.0,0.0,na,19.5,1.0,,petitrobertbistro,na,na,na,na,na,na,na,na,na,na,na,na,na,na,na,na,na,na,na,na,na,petitrobertbistro,0.00,0.00,0.00,"54,200.00","3,633.00",19.00,0.00,0.00,0.00,0.00,0.00,0.00,"5,907.00",441.00,15.00,0.00,0.00,0.00
The Dial,https://www.instagram.com/thedialcentralsq/,"3,733.0","30,000.0",758.5,61.0,"5,785.5",601.3,63.3,"1,002.0",na,na,na,32.0,1.0,"1,131.0",na,na,"4,134.5",na,na,https://www.facebook.com/thedialcentralsq/,532.0,na,3.0,0.0,na,1.6,0.0,na,3.2,0.0,na,0.0,0.0,na,0.0,0.0,na,0.0,0.0,,thedialcentralsq,na,na,na,na,na,na,na,na,na,na,na,na,na,na,na,na,na,na,na,na,na,thedialcentralsq,"4,699.00",106.00,2.00,931.00,26.00,3.00,770.00,2.00,0.00,0.00,0.00,0.00,0.00,0.00,0.00,569.00,29.00,1.00
Blue Owl Central Square,https://www.instagram.com/blueowlcentralsq/,"3,728.0",na,na,na,"27,000.0",594.0,49.0,na,na,na,"2,056.0",70.7,1.0,"1,283.8",36.8,1.0,"1,402.3",39.6,1.8,https://www.facebook.com/blueowlcentralsq,296.0,na,0.0,0.0,na,0.0,0.0,na,0.0,0.0,na,0.0,0.0,na,0.0,0.0,na,0.0,0.0,,blueowlcentralsq,na,na,na,na,na,na,na,na,na,na,na,na,na,na,na,na,na,na,na,na,na,blueowlcentralsq,"4,699.00",106.00,2.00,807.00,22.00,0.00,0.00,0.00,0.00,"60,900.00","3,279.00",3.00,0.00,0.00,0.00,0.00,0.00,0.00
Yellow Door Taqueria,https://www.instagram.com/yellowdoortaco/,"22,000.0",na,194.8,3.6,"5,365.0",124.0,2.0,"8,599.0",220.6,16.6,na,179.8,4.3,"27,000.0",335.8,11.8,na,248.0,4.8,https://www.facebook.com/yellowdoortaco,"3,000.0",na,14.8,0.8,na,16.2,0.8,na,41.5,4.0,na,0.0,0.0,na,0.0,0.0,na,15.6,0.0,,yellowdoortaco,https://www.tiktok.com/@yellowdoortaco,0.0,0.0,0.0,0.0,0.0,0.0,0.0,0.0,0.0,0.0,0.0,0.0,0.0,0.0,0.0,0.0,0.0,0.0,0.0,0.0,yellowdoortaco,"7,529.00",235.00,0.00,374.00,19.00,0.00,458.00,4.00,0.00,"17,695.33",851.67,2.33,526.00,17.00,4.00,"2,242.33",60.67,1.33
Bar 'Cino,https://www.instagram.com/bar.cino.gather/,"3,793.0",na,102.8,8.0,na,113.2,9.0,na,125.0,8.2,na,99.6,8.2,na,118.2,9.8,na,154.8,13.4,https://www.facebook.com/bar.cino.brookline/,na,na,na,na,na,na,na,na,na,na,na,na,na,na,na,na,na,na,na,,bar.cino.gather,na,na,na,na,na,na,na,na,na,na,na,na,na,na,na,na,na,na,na,na,na,bar.cino.gather,0.00,0.00,0.00,"3,740.67",465.33,8.33,"10,700.00",50.00,2.00,446.00,24.00,0.00,0.00,0.00,0.00,"1,426.00",47.00,0.00
Tradesman Coffee Shop & Lounge,https://www.instagram.com/tradesmanboston/,"14,000.0",na,287.0,12.8,"3,323.0",371.5,14.3,na,724.0,34.3,"46,031.0",901.2,36.0,"14,964.8",533.0,51.8,"29,429.7",820.8,29.4,https://www.facebook.com/tradesmancoffeeshopandlounge,409.0,na,0.0,0.0,na,0.0,0.0,na,0.0,0.0,na,0.0,0.0,na,0.0,0.0,na,0.0,0.0,,tradesmanboston,na,na,na,na,na,na,na,na,na,na,na,na,na,na,na,na,na,na,na,na,na,tradesmanboston,621.00,43.00,0.50,368.00,25.00,0.00,0.00,0.00,0.00,"1,138.25",69.75,2.00,669.75,35.00,0.25,"4,514.00",156.00,17.00
Bakey Babka,https://www.instagram.com/bakeybabka/,"13,000.0","7,066.0",160.0,10.0,"9,394.5",355.5,15.0,"24,719.7","1,040.5",33.5,na,na,na,na,595.0,29.0,na,396.3,95.8,https://www.facebook.com/BakeyBabka,950.0,na,14.2,1.8,na,10.8,0.4,na,12.3,0.5,na,11.6,0.2,na,14.0,0.8,na,4.0,0.0,,bakeybabka,https://www.tiktok.com/@bakeybabka,36.0,358.0,0.0,0.0,0.0,"1,166.0",34.0,90.0,"1,147.0",132.0,1.0,653.5,0.0,0.0,"1,307.0",31.0,0.0,927.0,37.0,0.0,bakeybabka,0.00,0.00,0.00,953.50,18.50,0.00,0.00,0.00,0.00,944.00,277.00,7.00,"7,971.00",316.00,0.00,"2,042.25",113.50,2.75
Delini Gelato Boston,https://www.instagram.com/delinigelato/,"2,776.0",na,na,na,na,na,na,na,na,na,na,214.0,30.0,na,74.0,4.0,na,187.0,11.0,https://www.facebook.com/delinigelato/,822.0,na,0.0,0.0,na,0.0,0.0,na,0.0,0.0,na,50.0,2.0,na,23.0,2.0,na,48.0,8.0,,delinigelato,na,na,na,na,na,na,na,na,na,na,na,na,na,na,na,na,na,na,na,na,na,delinigelato,0.00,0.00,0.00,671.00,27.00,0.50,0.00,0.00,0.00,0.00,0.00,0.00,0.00,0.00,0.00,0.00,0.00,0.00
Umbria Steakhouse & Roofdeck,https://www.instagram.com/umbrianorthend/,"5,850.0",na,na,na,na,212.3,8.0,na,297.6,11.2,na,na,na,na,63.0,0.0,na,151.0,8.0,https://www.facebook.com/umbrianorthend,377.0,na,0.0,0.0,na,13.0,0.0,na,26.4,2.4,na,0.0,1.0,na,4.0,0.0,na,12.0,1.0,,umbrianorthend,na,na,na,na,na,na,na,na,na,na,na,na,na,na,na,na,na,na,na,na,na,umbrianorthend,"1,004.00",34.00,0.00,"24,165.40","1,231.00",9.40,"1,212.00",29.00,0.00,0.00,0.00,0.00,0.00,0.00,0.00,"4,506.00",360.00,0.00
Davio's Northern Italian Steakhouse,https://www.instagram.com/daviosrestaurant/,"18,000.0",na,27.6,0.8,na,38.2,1.8,na,172.6,15.8,na,48.8,1.8,na,65.4,1.8,"12,000.0",38.8,1.0,https://www.facebook.com/DaviosSeaport/,"2,300.0",na,12.0,0.0,na,7.8,0.4,na,6.8,0.0,na,29.0,1.3,na,15.7,1.7,na,4.8,0.0,,daviosrestaurant,https://www.tiktok.com/@daviosrestaurant,86.0,92.0,0.0,0.0,0.0,0.0,0.0,0.0,0.0,0.0,0.0,0.0,0.0,0.0,0.0,0.0,0.0,0.0,0.0,0.0,daviosrestaurant,832.00,15.00,0.00,746.67,13.67,0.33,"2,190.20",54.80,6.80,"16,973.50",459.50,7.00,0.00,0.00,0.00,"17,751.75",982.00,8.00
MEX,https://www.instagram.com/mextequilabar/,"5,388.0",na,36.4,0.4,"1,822.0",204.6,9.6,"2,191.8",70.8,1.2,"18,997.5",447.0,6.2,"2,110.0",198.4,32.4,"2,984.0",173.6,27.8,https://www.facebook.com/mextequilabar,358.0,na,0.0,0.0,na,0.0,0.0,na,5.0,1.0,na,0.0,0.0,na,2.0,0.0,na,1.4,0.0,,mextequilabar,https://www.tiktok.com/@mextequilabar,125.0,"1,067.0",193.8,8.6,0.0,475.4,21.4,0.0,645.0,24.8,0.4,377.1,16.6,0.4,306.0,6.2,0.0,235.6,12.2,0.0,mextequilabar,"1,305.67",36.33,0.00,"11,224.50",726.00,10.50,0.00,0.00,0.00,0.00,0.00,0.00,"1,438.67",34.00,1.00,978.00,20.00,0.00
W Boston,https://www.instagram.com/wboston/,"19,000.0",na,42.0,1.0,"5,380.5",692.5,15.5,"4,465.0",145.0,39.7,"4,188.2",90.2,2.2,"218,333.3","7,160.8","1,584.8",na,na,na,https://www.facebook.com/1120entertainment,236.0,na,0.0,0.0,na,0.0,0.0,na,0.0,0.0,na,0.0,0.0,na,0.0,0.0,na,0.0,0.0,,wboston,na,na,na,na,na,na,na,na,na,na,na,na,na,na,na,na,na,na,na,na,na,wboston,0.00,0.00,0.00,"20,521.50",640.00,1.50,0.00,0.00,0.00,"184,200.00","6,686.00",40.00,"408,000.00","31,200.00",197.00,0.00,0.00,0.00
Oath Pizza,https://www.instagram.com/oathpizza/,"9,175.0",658.0,na,na,"15,523.0",417.3,47.8,"12,767.3",281.7,13.3,"3,341.0",755.0,125.0,"2,123.7",93.2,11.2,na,73.2,2.4,https://www.facebook.com/oathpizza/,"3,800.0",na,1.5,0.0,na,0.0,0.0,na,0.0,0.0,na,0.0,0.0,na,0.0,0.0,na,2.2,1.2,,oathpizza,https://www.tiktok.com/@oath_pizza,45.0,126.0,0.0,0.0,0.0,0.0,0.0,0.0,0.0,0.0,0.0,0.0,0.0,0.0,"1,565.0",126.0,3.0,0.0,0.0,0.0,oathpizza,0.00,0.00,0.00,835.00,39.00,1.00,"10,638.00",538.33,11.33,0.00,0.00,0.00,"1,361.50",46.00,4.50,"1,500.00",127.00,12.00
VESTER,https://www.instagram.com/vestercafe/,"9,295.0",na,na,na,na,na,na,na,na,na,na,na,na,na,na,na,na,na,na,https://www.facebook.com/vestercafe/,211.0,na,0.0,0.0,na,0.4,0.0,na,0.2,0.0,na,0.0,0.0,na,0.2,0.0,na,0.0,0.0,,vestercafe,https://www.tiktok.com/@vesterlife,153.0,"1,230.0",0.0,0.0,0.0,0.0,0.0,0.0,0.0,0.0,0.0,0.0,0.0,0.0,0.0,0.0,0.0,0.0,0.0,0.0,vestercafe,0.00,0.00,0.00,"1,623.00",74.00,6.00,"12,300.00",518.00,3.00,"8,768.33",533.67,10.00,0.00,0.00,0.00,"1,763.00",62.00,4.67
JOIA Ristorante & Lounge,https://www.instagram.com/joiaboston/,"7,387.0","5,054.2",122.7,26.7,"6,391.0",234.0,59.7,"33,060.0",697.0,12.8,"37,412.2","1,043.8",38.6,"18,236.8",298.6,6.0,"114,000.0",928.0,14.0,https://www.facebook.com/joiaboston,333.0,na,9.5,0.0,na,0.0,0.0,na,0.0,0.0,na,0.0,0.0,na,11.4,0.6,na,11.2,1.0,,joiaboston,na,na,na,na,na,na,na,na,na,na,na,na,na,na,na,na,na,na,na,na,na,joiaboston,"2,489.00",41.33,0.33,"1,815.33",74.67,1.33,"4,833.20",144.80,1.60,"41,627.00","1,511.00",10.00,"28,725.80","1,453.40",12.80,"23,625.67","1,218.33",5.00
Shiki Shabu Shabu,https://www.instagram.com/shiki_shabushabu/,487.0,na,20.5,0.0,na,18.0,0.5,na,27.5,1.5,na,39.0,2.2,na,23.0,3.0,na,na,na,https://www.facebook.com/profile.php?id=100091678213028&mibextid=LQQJ4d,21.0,na,0.0,0.0,na,0.0,0.0,na,0.0,0.0,na,1.0,0.0,na,0.0,0.0,na,0.0,0.0,,shiki_shabushabu,na,na,na,na,na,na,na,na,na,na,na,na,na,na,na,na,na,na,na,na,na,shiki_shabushabu,0.00,0.00,0.00,0.00,0.00,0.00,0.00,0.00,0.00,0.00,0.00,0.00,0.00,0.00,0.00,0.00,0.00,0.00
JP Fuji Group,https://www.instagram.com/jpfujigroup/,"2,508.0","3,589.0",25.0,0.8,"1,221.0",14.0,0.0,743.0,16.2,0.0,518.0,13.8,0.0,"3,210.0",40.8,1.0,"1,511.5",71.2,3.4,https://www.facebook.com/jpfujigroup,762.0,na,4.4,0.2,na,5.8,0.0,na,5.4,0.0,na,6.0,0.4,na,12.0,0.2,na,8.6,0.0,,jpfujigroup,https://www.tiktok.com/@jpfujigroup,0.0,0.0,0.0,0.0,0.0,0.0,0.0,0.0,0.0,0.0,0.0,0.0,0.0,0.0,0.0,0.0,0.0,0.0,0.0,0.0,jpfujigroup,230.00,7.00,0.00,"1,066.50",27.00,1.00,0.00,0.00,0.00,0.00,0.00,0.00,"9,395.33",482.67,5.33,0.00,0.00,0.00
Empire Boston,https://www.instagram.com/bostonempire/,"12,000.0",na,81.8,1.8,"2,612.0",52.5,1.5,"3,094.0",60.5,1.0,"4,299.0",118.3,12.3,na,87.0,3.0,"9,107.0",164.0,4.0,https://www.facebook.com/EmpireBos,"10,000.0",na,2.8,0.2,na,2.0,0.0,na,2.0,0.0,na,3.0,0.0,na,7.0,0.0,na,6.0,0.0,,bostonempire,https://www.tiktok.com/@empireboston,203.0,"1,879.0","1,349.7",38.7,1.7,0.0,0.0,0.0,0.0,0.0,0.0,"1,508.7",0.0,0.0,"1,393.6",35.4,0.4,787.0,19.8,0.3,bostonempire,"1,832.00",75.00,2.00,573.00,22.00,6.00,"1,001.00",12.00,0.00,"1,745.00",82.00,0.00,0.00,0.00,0.00,"1,128.50",39.50,0.00
Yoki Express,https://www.instagram.com/yokiexpress/,"1,122.0",na,na,na,na,na,na,na,na,na,na,na,na,na,na,na,na,na,na,https://www.facebook.com/yokiexpress/,"1,900.0",na,0.5,0.0,na,0.7,0.0,na,1.2,0.2,na,5.6,0.0,na,1.5,0.0,na,0.3,0.0,,yokiexpress,na,na,na,na,na,na,na,na,na,na,na,na,na,na,na,na,na,na,na,na,na,yokiexpress,"1,128.00",27.00,1.00,894.00,28.00,0.00,0.00,0.00,0.00,"3,588.33",76.33,3.33,0.00,0.00,0.00,0.00,0.00,0.00
Gopchang Story Boston,https://www.instagram.com/gopchangstory_bos/,"2,120.0","1,117.0",35.0,0.0,na,18.0,0.0,"1,644.0",29.5,2.5,na,na,na,"6,509.0",156.0,15.0,na,153.0,4.0,https://www.facebook.com/gopchangboston,682.0,na,0.0,0.0,na,8.0,0.0,na,2.0,0.0,na,0.0,0.0,na,0.0,0.0,na,9.0,5.3,,gopchangstory_bos,https://www.tiktok.com/@gopchangstoryboston,10.0,0.0,0.0,0.0,0.0,0.0,0.0,0.0,0.0,0.0,0.0,0.0,0.0,0.0,0.0,0.0,0.0,0.0,0.0,0.0,gopchangstory_bos,"1,651.00",17.33,3.00,"2,011.00",61.00,1.00,"2,380.00",58.00,20.00,"25,072.50",68.00,1.00,"3,239.25",79.25,1.50,0.00,0.00,0.00
BAB,https://www.instagram.com/babkoreanbistro/,767.0,na,na,na,na,na,na,na,na,na,na,na,na,na,na,na,na,na,na,https://www.facebook.com/profile.php?id=100067516009899,137.0,na,0.0,0.0,na,0.0,0.0,na,0.0,0.0,na,0.0,0.0,na,0.0,0.0,na,0.0,0.0,,babkoreanbistro,na,na,na,na,na,na,na,na,na,na,na,na,na,na,na,na,na,na,na,na,na,babkoreanbistro,0.00,0.00,0.00,0.00,0.00,0.00,283.00,3.00,1.00,"1,133.00",16.00,0.00,0.00,0.00,0.00,512.00,23.00,0.00
Myung Dong 1st Ave,https://www.instagram.com/md_allston/,31.0,na,na,na,na,na,na,na,na,na,na,na,na,na,na,na,na,na,na,https://www.facebook.com/profile.php?id=100067949541117,643.0,na,0.0,0.0,na,0.0,0.0,na,0.0,0.0,na,0.0,0.0,na,0.0,0.0,na,0.0,0.0,,md_allston,na,na,na,na,na,na,na,na,na,na,na,na,na,na,na,na,na,na,na,na,na,md_allston,0.00,0.00,0.00,0.00,0.00,0.00,0.00,0.00,0.00,0.00,0.00,0.00,"1,053.00",109.00,0.00,0.00,0.00,0.00
WakuWaku Ramen & Sake,https://www.instagram.com/wakuwakuramen/,"5,865.0","3,268.3",170.3,35.0,"7,367.8",180.6,15.6,"25,629.0","1,246.0",35.2,"50,137.0",785.2,13.0,"4,119.0",100.3,3.8,na,92.0,12.8,https://www.facebook.com/people/WakuWaku-Ramen-Sake/100069770463957/,278.0,na,0.0,0.0,na,1.3,0.0,na,1.0,0.0,na,2.0,0.0,na,1.6,0.0,na,4.3,0.0,,wakuwakuramen,na,na,na,na,na,na,na,na,na,na,na,na,na,na,na,na,na,na,na,na,na,wakuwakuramen,381.00,7.75,0.25,"30,067.00","2,006.67",11.67,"3,485.75",106.25,2.50,"34,250.00","2,215.50",46.00,"2,139.50",75.50,2.00,593.33,20.67,2.00
Shojo Cambridge,https://www.instagram.com/shojocambridge/,"1,000.0","1,707.0",19.6,0.6,509.0,12.0,0.4,846.0,24.5,0.0,"12,820.5",193.0,11.3,"1,021.0",21.0,0.5,na,95.0,12.0,https://www.facebook.com/ShojoCambridge,63.0,na,0.2,0.0,na,1.0,0.0,na,0.0,0.0,na,0.4,0.0,na,0.0,0.0,na,0.0,0.0,,shojocambridge,https://www.tiktok.com/@shojocambridge,15.0,615.0,"1,928.5",63.5,0.3,"1,149.6",11.2,0.2,"2,026.0",39.0,0.3,767.3,9.0,0.2,"1,421.0",43.0,0.0,0.0,0.0,0.0,shojocambridge,"7,651.00",288.00,1.50,299.00,20.00,1.00,"1,904.50",27.00,0.50,"1,330.00",41.00,2.00,0.00,0.00,0.00,427.00,28.00,0.00
Shōjō Boston,https://www.instagram.com/shojoboston/,"8,518.0","2,030.0",35.0,1.0,"2,254.0",44.2,0.8,"3,659.0",42.6,0.2,"1,655.0",34.0,1.2,"2,075.0",88.0,0.0,na,na,na,https://www.facebook.com/shojoboston,"2,900.0",na,0.4,0.0,na,1.8,0.0,na,1.2,0.0,na,1.8,0.0,na,7.0,0.0,na,0.0,0.0,,shojoboston,https://www.tiktok.com/@shojoboston,27.0,"1,006.0",567.8,16.8,0.3,574.0,17.6,0.0,"1,174.5",46.8,0.8,"1,951.2",60.0,0.3,"2,178.3",99.5,0.3,0.0,0.0,0.0,shojoboston,475.33,16.00,0.00,302.00,3.00,1.00,"1,573.67",29.67,0.67,"1,330.00",41.00,2.00,"1,166.00",41.50,1.00,"23,400.00",961.00,4.00
Park 54 Restaurant & Lounge,https://www.instagram.com/park54restaurant/,"5,977.0",na,na,na,"7,839.0","2,540.0",55.0,"6,083.0",158.0,6.5,"14,808.3",432.8,21.5,na,na,na,na,na,na,https://www.facebook.com/park54restaurantandlounge,"1,900.0",na,0.0,0.0,na,9.8,2.0,na,11.0,0.0,na,0.0,0.0,na,0.0,0.0,na,0.0,0.0,,park54restaurant,https://www.tiktok.com/@park54restaurant.com,77.0,529.0,496.0,2.8,0.0,554.8,3.8,0.4,433.4,15.8,0.2,340.7,2.0,0.0,336.8,1.0,0.0,219.5,2.0,0.0,park54restaurant,768.00,36.50,1.00,"11,596.00",833.25,7.50,526.40,19.60,1.60,"2,765.00",68.00,1.00,0.00,0.00,0.00,"1,636.00",57.00,1.00
154 STATION Burgers and drinks,https://www.instagram.com/154station/,"12,000.0","3,422.8",46.6,2.6,"1,124.5",10.6,0.4,814.0,10.2,0.0,883.3,15.6,0.4,na,na,na,na,na,na,https://www.facebook.com/profile.php?id=61551822702685,1.0,na,,,na,,,na,,,na,,,na,,,na,,,,154station,na,na,na,na,na,na,na,na,na,na,na,na,na,na,na,na,na,na,na,na,na,154station,0.00,0.00,0.00,0.00,0.00,0.00,0.00,0.00,0.00,0.00,0.00,0.00,0.00,0.00,0.00,0.00,0.00,0.00
Life Alive Organic Cafe,https://www.instagram.com/lifealivecafe/,"28,000.0","4,879.3",164.2,8.4,"5,432.0",177.5,11.8,"7,533.7",220.4,15.6,"4,788.5",235.0,73.0,"3,436.5",147.0,9.7,"7,386.8",262.4,30.2,https://www.facebook.com/lifealivecafe,"13,000.0",na,48.6,6.6,na,6.8,0.2,na,13.6,2.2,na,4.0,0.0,na,7.0,0.0,na,5.0,0.8,,lifealivecafe,https://www.tiktok.com/@lifealivecafe,376.0,743.0,666.0,6.0,0.0,0.0,0.0,0.0,0.0,0.0,0.0,513.5,5.0,1.0,844.0,27.0,1.0,0.0,0.0,0.0,lifealivecafe,0.00,0.00,0.00,0.00,0.00,0.00,"4,481.00",108.50,4.50,"2,719.33",69.67,6.00,"1,187.00",28.00,0.00,0.00,0.00,0.00
by Love Art,https://www.instagram.com/loveartsushi/,"4,140.0",na,na,na,na,41.0,0.0,na,na,na,na,66.0,3.7,na,48.0,9.0,"1,372.5",45.4,7.4,https://www.facebook.com/byloveart,"3,200.0",na,0.0,0.0,na,9.0,0.0,na,0.0,0.0,na,4.0,0.0,na,0.0,0.0,na,1.3,0.3,,loveartsushi,https://www.tiktok.com/@loveartsushi,56.0,192.0,0.0,0.0,0.0,0.0,0.0,0.0,0.0,0.0,0.0,0.0,0.0,0.0,"1,097.0",33.0,0.0,957.3,44.7,0.0,loveartsushi,0.00,0.00,0.00,684.00,39.00,3.00,0.00,0.00,0.00,0.00,0.00,0.00,"12,008.50",583.50,14.50,"13,300.00",335.00,4.00
Novara Restaurant | Milton MA,https://www.instagram.com/novaramilton/,"8,335.0","1,448.0",118.6,5.8,na,162.6,6.4,na,142.4,6.6,na,118.4,3.2,"3,485.0",192.2,6.4,"2,887.0",189.6,7.6,https://www.facebook.com/novaramilton,"9,300.0",na,73.6,9.0,na,73.6,7.2,na,86.8,9.2,na,56.2,2.6,na,87.0,3.6,na,112.2,9.4,,novaramilton,https://www.tiktok.com/@novaramilton,74.0,144.0,0.0,0.0,0.0,0.0,0.0,0.0,0.0,0.0,0.0,0.0,0.0,0.0,80.0,2.0,0.0,0.0,0.0,0.0,novaramilton,645.00,47.33,3.33,502.00,20.00,0.00,"1,215.00",35.00,0.00,497.00,9.00,0.00,"2,551.00",55.00,0.00,0.00,0.00,0.00
Abby Park | Milton Restaurant,https://www.instagram.com/abbyparkmilton/,"2,401.0",na,36.6,1.2,671.0,41.6,0.8,na,34.4,1.2,na,57.6,1.6,na,43.8,1.4,950.0,70.4,1.6,https://www.facebook.com/profile.php?id=100000128568880,"2,600.0",na,0.0,0.0,na,0.0,0.0,na,0.0,0.0,na,0.0,0.0,na,0.0,0.0,na,0.0,0.0,,abbyparkmilton,https://www.tiktok.com/@abbyparkmilton,23.0,18.0,0.0,0.0,0.0,0.0,0.0,0.0,0.0,0.0,0.0,0.0,0.0,0.0,0.0,0.0,0.0,0.0,0.0,0.0,abbyparkmilton,0.00,0.00,0.00,0.00,0.00,0.00,0.00,0.00,0.00,0.00,0.00,0.00,0.00,0.00,0.00,"1,382.00",58.00,3.00
Dorchester Brewing Company,https://www.instagram.com/dorchesterbrewing/,"21,000.0","1,488.0",47.8,1.0,"10,000.0",100.0,4.8,na,53.4,0.2,"1,351.0",37.4,0.6,na,123.2,5.0,na,77.2,2.0,https://www.facebook.com/DorchesterBrewingCompany,"15,000.0",na,5.2,0.6,na,6.6,0.2,na,7.0,0.4,na,6.6,0.6,na,15.2,1.4,na,5.0,0.0,,dorchesterbrewing,https://www.tiktok.com/@dorchesterbrewing,3.0,0.0,0.0,0.0,0.0,0.0,0.0,0.0,0.0,0.0,0.0,0.0,0.0,0.0,0.0,0.0,0.0,0.0,0.0,0.0,dorchesterbrewing,718.67,38.00,1.67,871.00,10.00,0.00,0.00,0.00,0.00,0.00,0.00,0.00,0.00,0.00,0.00,679.00,23.33,1.00
M & M BBQ,https://www.instagram.com/mandmbbq/,"4,233.0",na,na,na,na,na,na,na,na,na,na,na,na,na,na,na,"1,289.0",67.7,2.0,https://www.facebook.com/MandMbbq,305.0,na,0.0,0.0,na,0.0,0.0,na,0.0,0.0,na,0.0,0.0,na,0.0,0.0,na,0.0,0.0,,mandmbbq,na,na,na,na,na,na,na,na,na,na,na,na,na,na,na,na,na,na,na,na,na,mandmbbq,0.00,0.00,0.00,0.00,0.00,0.00,0.00,0.00,0.00,0.00,0.00,0.00,0.00,0.00,0.00,0.00,0.00,0.00
Pazza on Porter,https://www.instagram.com/pazzaonporter/,"8,116.0",na,60.0,26.6,na,26.8,0.2,na,20.0,0.0,329.0,91.2,0.2,na,40.8,0.6,na,89.6,1.6,https://www.facebook.com/pazzaonporter,"1,900.0",na,3.4,0.0,na,3.4,0.0,na,3.0,0.4,na,2.4,0.0,na,5.4,0.2,na,4.4,0.0,,pazzaonporter,https://www.tiktok.com/@pazzaonporter,227.0,"1,160.0",0.0,0.0,0.0,0.0,0.0,0.0,0.0,0.0,0.0,0.0,0.0,0.0,0.0,0.0,0.0,0.0,0.0,0.0,pazzaonporter,543.00,11.00,0.00,253.00,5.00,0.00,575.00,10.00,0.00,"53,600.00","2,822.00",13.00,0.00,0.00,0.00,0.00,0.00,0.00
Giulia,https://www.instagram.com/giuliarestaurant/,"7,629.0",na,na,na,na,na,na,na,na,na,na,104.0,3.0,na,na,na,na,na,na,https://www.facebook.com/pages/Giulia-Restaurant/494622647371359,na,na,na,na,na,na,na,na,na,na,na,na,na,na,na,na,na,na,na,,giuliarestaurant,na,na,na,na,na,na,na,na,na,na,na,na,na,na,na,na,na,na,na,na,na,giuliarestaurant,0.00,0.00,0.00,0.00,0.00,0.00,432.00,17.00,0.00,0.00,0.00,0.00,0.00,0.00,0.00,0.00,0.00,0.00
loveartpoke,https://www.instagram.com/loveartpoke/,18.0,na,na,na,na,na,na,na,na,na,na,na,na,na,na,na,na,na,na,https://www.facebook.com/pokebyloveart,37.0,na,0.0,0.0,na,0.0,0.0,na,0.0,0.0,na,0.0,0.0,na,0.0,0.0,na,0.0,0.0,,loveartpoke,na,na,na,na,na,na,na,na,na,na,na,na,na,na,na,na,na,na,na,na,na,loveartpoke,0.00,0.00,0.00,0.00,0.00,0.00,0.00,0.00,0.00,0.00,0.00,0.00,0.00,0.00,0.00,0.00,0.00,0.00
CHILACATES,https://www.instagram.com/chilacates/,"64,000.0",na,18.6,0.2,na,28.2,0.2,"2,619.7",90.0,3.6,"1,510.0",67.4,0.4,"1,806.0",42.8,0.2,"5,446.5",206.8,9.8,https://www.facebook.com/chilacatesmexicanstreetfood,"2,300.0",na,2.2,0.0,na,1.8,0.0,na,3.8,0.0,na,2.2,0.0,na,4.2,0.2,na,13.5,,,chilacates,https://www.tiktok.com/@chilacates,84.0,"2,741.0",0.0,0.0,0.0,0.0,0.0,0.0,648.3,6.3,0.0,350.9,11.4,0.0,352.4,17.8,0.2,626.2,50.4,1.6,chilacates,0.00,0.00,0.00,"4,282.50",81.50,8.00,"3,640.00",113.00,1.00,0.00,0.00,0.00,539.00,34.00,1.50,0.00,0.00,0.00
Capo Restaurant,https://www.instagram.com/caposouthbos/,"29,000.0","11,257.7",310.4,3.2,"17,500.0",375.0,7.0,na,231.0,2.4,na,270.8,4.4,"9,054.7",327.8,3.6,"35,000.0",387.8,4.6,https://www.facebook.com/caposouthbos/,"6,400.0",na,3.0,0.0,na,5.0,0.0,na,6.0,0.0,na,7.6,0.8,na,8.2,0.6,na,6.8,0.2,,caposouthbos,na,na,na,na,na,na,na,na,na,na,na,na,na,na,na,na,na,na,na,na,na,caposouthbos,"1,886.67",62.33,4.33,"1,011.00",45.00,1.00,"2,142.00",104.00,1.00,"35,040.50","1,698.00",7.50,"2,583.00",71.00,0.00,"11,873.75",423.75,4.25
na,https://www.instagram.com/tottoboston/,na,na,na,na,na,na,na,na,na,na,na,na,na,na,na,na,na,na,na,https://www.facebook.com/YakitoriTottoBos,75.0,na,0.0,0.0,na,0.0,0.0,na,0.0,0.0,na,0.0,0.0,na,0.0,0.0,na,0.0,0.0,,tottoboston,na,na,na,na,na,na,na,na,na,na,na,na,na,na,na,na,na,na,na,na,na,tottoboston,na,na,na,na,na,na,na,na,na,na,na,na,na,na,na,na,na,na
SweetCheeksQ,https://www.instagram.com/sweetcheeksbbq/,"14,000.0",na,40.5,1.3,"3,844.5",86.7,5.7,"8,279.7",179.8,9.6,"2,485.0",108.4,3.0,na,42.8,0.6,na,27.4,1.8,https://www.facebook.com/profile.php?id=100066346977150,"5,600.0",na,0.0,0.0,na,0.0,0.0,na,0.0,0.0,na,0.0,0.0,na,0.0,0.0,na,0.0,0.0,,sweetcheeksbbq,na,na,na,na,na,na,na,na,na,na,na,na,na,na,na,na,na,na,na,na,na,sweetcheeksbbq,0.00,0.00,0.00,260.25,6.50,0.00,410.00,9.00,1.00,0.00,0.00,0.00,0.00,0.00,0.00,276.00,2.00,0.00
Ebi Sushi,https://www.instagram.com/ebisushisomerville/,"3,325.0",na,22.2,1.0,na,66.8,3.5,748.0,38.2,1.4,746.0,26.0,1.8,na,65.0,3.6,814.5,31.2,1.6,https://www.facebook.com/ebisushibar/,"2,000.0",na,5.8,0.0,na,19.2,1.4,na,10.6,0.8,na,6.2,0.6,na,13.2,1.2,na,12.8,0.6,,ebisushisomerville,https://www.tiktok.com/@ebisushisomerville,21.0,26.0,0.0,0.0,0.0,0.0,0.0,0.0,0.0,0.0,0.0,0.0,0.0,0.0,0.0,0.0,0.0,0.0,0.0,0.0,ebisushisomerville,0.00,0.00,0.00,0.00,0.00,0.00,0.00,0.00,0.00,0.00,0.00,0.00,601.00,18.33,0.00,155.00,3.00,0.00
North Coast Seafoods,https://www.instagram.com/northcoastseafoods/,"4,741.0",na,na,na,"1,996.5",86.0,3.0,na,na,na,"2,298.0",159.0,17.0,"1,050.0","2,495.0",277.0,783.0,na,na,https://www.facebook.com/northcoastseafoods,"4,700.0",na,9.6,1.2,na,9.0,1.0,na,0.0,0.0,na,21.8,2.8,na,47.7,2.3,na,21.3,3.3,,northcoastseafoods,https://www.tiktok.com/@northcoastseafoods,77.0,481.0,0.0,0.0,0.0,0.0,0.0,0.0,0.0,0.0,0.0,0.0,0.0,0.0,0.0,0.0,0.0,0.0,0.0,0.0,northcoastseafoods,0.00,0.00,0.00,0.00,0.00,0.00,0.00,0.00,0.00,0.00,0.00,0.00,0.00,0.00,0.00,0.00,0.00,0.00
Blackbird Doughnuts,https://www.instagram.com/blackbirddoughnuts/,"67,000.0","8,612.2",211.6,5.8,"7,586.3",297.4,2.2,"6,240.3",415.4,7.8,na,957.2,19.6,"11,000.0",387.0,18.0,"19,500.0",450.0,7.5,https://www.facebook.com/blackbirddoughnuts,"5,300.0",na,14.8,1.0,na,11.2,0.2,na,11.5,0.0,na,10.0,0.4,na,10.0,0.7,na,6.0,1.2,,blackbirddoughnuts,https://www.tiktok.com/@blackbirddoughnuts,51.0,23.0,0.0,0.0,0.0,0.0,0.0,0.0,0.0,0.0,0.0,0.0,0.0,0.0,0.0,0.0,0.0,0.0,0.0,0.0,blackbirddoughnuts,"7,283.00",136.00,7.00,269.00,5.00,0.00,"1,990.50",44.50,1.50,825.00,44.25,3.00,"6,749.00",309.00,11.00,"2,069.80",86.40,3.80
Laughing Monk Cafe l Omakase & Tasting Box Togo,https://www.instagram.com/laughingmonkcafe/,"2,263.0",na,68.7,1.0,"14,000.0",57.2,2.0,"2,394.5",80.8,5.8,"29,784.3",42.3,1.8,"5,439.0",189.8,19.0,"1,110.0",125.8,5.0,https://www.facebook.com/laughingmonkcafe/,942.0,na,5.2,0.2,na,5.8,0.0,na,7.2,0.2,na,4.0,0.0,na,4.0,0.0,na,9.3,2.3,,laughingmonkcafe,https://www.tiktok.com/@laughingmonkcafe,15.0,127.0,0.0,0.0,0.0,499.0,4.7,0.0,0.0,0.0,0.0,403.7,18.0,0.0,0.0,0.0,0.0,274.0,10.7,0.3,laughingmonkcafe,899.00,45.00,0.00,0.00,0.00,0.00,0.00,0.00,0.00,"2,986.00",101.00,7.00,"9,465.00",387.00,4.00,0.00,0.00,0.00
Banyan Bar + Refuge,https://www.instagram.com/banyanboston/,"11,000.0","1,136.4",44.4,0.6,na,81.0,7.7,"33,299.5",318.8,4.0,"1,826.0",68.8,2.0,"2,488.0",62.3,0.5,"1,565.0",91.8,2.4,https://www.facebook.com/banyanboston,"1,200.0",na,0.4,0.0,na,0.0,0.0,na,0.2,0.0,na,1.4,0.0,na,0.4,0.0,na,0.6,0.0,,banyanboston,na,na,na,na,na,na,na,na,na,na,na,na,na,na,na,na,na,na,na,na,na,banyanboston,"1,025.00",19.00,0.00,0.00,0.00,0.00,"6,594.00",284.00,2.67,"32,900.00","1,174.00",13.00,0.00,0.00,0.00,0.00,0.00,0.00
April 23 Cafe,https://www.instagram.com/april23cafe/,"1,109.0",na,na,na,na,na,na,na,na,na,na,na,na,na,na,na,na,na,na,https://www.facebook.com/profile.php?id=100064803019467,62.0,na,0.0,0.0,na,0.0,0.0,na,0.0,0.0,na,0.0,0.0,na,0.0,0.0,na,0.0,0.0,,april23cafe,na,na,na,na,na,na,na,na,na,na,na,na,na,na,na,na,na,na,na,na,na,april23cafe,0.00,0.00,0.00,0.00,0.00,0.00,"1,200.00",127.00,5.00,0.00,0.00,0.00,"1,097.00",157.00,0.00,0.00,0.00,0.00
Umami Omakase,https://www.instagram.com/umamiomakase/,"3,093.0",na,261.0,94.0,na,176.0,7.0,na,11.0,0.0,na,12.0,0.0,na,na,na,na,80.0,0.0,https://www.facebook.com/umamicambridge,29.0,na,0.0,0.0,na,0.0,0.0,na,0.0,0.0,na,0.0,0.0,na,0.0,0.0,na,0.0,0.0,,umamiomakase,na,na,na,na,na,na,na,na,na,na,na,na,na,na,na,na,na,na,na,na,na,umamiomakase,"12,700.00",498.00,18.00,0.00,0.00,0.00,869.00,20.50,0.00,939.00,17.00,0.00,0.00,0.00,0.00,0.00,0.00,0.00
Kavaneo Taverana,https://www.instagram.com/kavaneotaverna/,"7,989.0",na,na,1.4,na,86.8,5.2,na,16.5,2.6,na,73.0,3.8,na,70.2,1.0,na,82.2,0.6,https://www.facebook.com/kavaneotaverna,"2,600.0",na,8.0,1.4,na,8.2,0.0,na,6.0,0.4,na,7.8,0.0,na,5.4,0.0,na,6.8,0.0,,kavaneotaverna,na,na,na,na,na,na,na,na,na,na,na,na,na,na,na,na,na,na,na,na,na,kavaneotaverna,543.00,11.00,3.00,"1,052.50",32.00,2.50,0.00,0.00,0.00,644.00,20.50,0.50,"14,221.00",498.00,4.50,0.00,0.00,0.00
Tiger Sugar,https://www.instagram.com/tigersugar.usa/,"468,000.0",na,"1,360.4",32.6,na,"2,768.8","1,608.4",na,986.6,31.0,na,529.0,7.2,na,783.4,5.4,na,810.6,14.6,https://www.facebook.com/tigersugarusa,"11,000.0",na,51.2,7.4,na,70.0,35.6,na,10.4,1.4,na,5.2,0.2,na,6.0,1.0,na,6.2,0.6,,tigersugar.usa,https://www.tiktok.com/@tiger_sugar,"61,500.0","2,500,000.0",0.0,0.0,0.0,"12,819.0",611.0,29.5,"3,212.8",74.4,41.4,"31,674.6",84.6,2.2,"44,858.4","2,773.0",30.8,"143,920.6","3,329.6","5,562.6",tigersugar.usa,543.00,11.00,3.00,"1,052.50",32.00,2.50,0.00,0.00,0.00,644.00,20.50,0.50,"14,221.00",498.00,4.50,0.00,0.00,0.00
Mooo Seaport,https://www.instagram.com/mooorestaurant/,"4,446.0",na,66.7,1.2,na,65.0,1.2,na,50.2,1.4,na,60.2,1.0,na,62.0,2.0,na,81.2,2.8,na,na,na,na,na,na,na,na,na,na,na,na,na,na,na,na,na,na,na,na,,mooorestaurant,na,na,na,na,na,na,na,na,na,na,na,na,na,na,na,na,na,na,na,na,na,mooorestaurant,940.00,24.50,1.00,"1,257.00",22.00,0.00,na,na,na,"3,287.00",72.00,5.00,na,na,na,"16,962.50",848.50,2.50
PERMANTLY CLOSED,https://www.instagram.com/mikkususando/,,,,,,,,,,,,,,na,,,,,,na,na,na,na,na,na,na,na,na,na,na,na,na,na,na,na,na,na,na,na,,mikkususando,na,na,na,na,na,na,na,na,na,na,na,na,na,na,na,na,na,na,na,na,na,mikkususando,na,na,na,na,na,na,na,na,na,na,na,na,na,na,na,na,na,na
Uni Boston,https://www.instagram.com/uni_boston/,"18,000.0",na,276.2,0.8,na,62.0,0.0,na,138.8,0.2,na,109.0,0.0,na,134.7,0.3,na,120.6,0.2,https://www.facebook.com/UNIBoston,"4,500.0",na,0.0,0.0,na,0.0,0.0,na,0.0,0.0,na,0.0,0.0,na,0.0,0.0,na,0.0,0.0,,uni_boston,na,na,na,na,na,na,na,na,na,na,na,na,na,na,na,na,na,na,na,na,na,uni_boston,na,na,na,na,na,na,na,na,na,460.00,10.00,0.00,"3,997.00",72.00,1.00,na,na,na
Bartaco,https://www.instagram.com/bartacolife/,"114,000.0",na,432.0,18.8,na,431.6,18.4,na,496.6,22.0,na,"1,885.2",74.8,na,522.8,21.6,na,496.0,30.8,na,na,na,na,na,na,na,na,na,na,na,na,na,na,na,na,na,na,na,na,,bartacolife,https://www.tiktok.com/@bartacolife?lang=en,"37,900.0","96,300.0","2,715.4",39.0,1.6,"1,848.4",50.4,5.0,"21,202.0",171.6,9.2,"8,982.1",134.6,2.4,"3,730.3",91.3,5.0,"1,885.3",33.0,0.7,bartacolife,"1,293.00",59.00,1.00,na,na,na,na,na,na,"1,857.00",101.00,7.00,595.00,29.00,5.00,"3,511.00",52.00,5.00
Tsurutontan East,https://www.instagram.com/tsurutontan_east/,"10,200.0",na,62.8,4.6,na,93.4,4.0,na,43.0,2.4,na,43.4,2.0,na,63.6,2.6,na,155.6,2.4,https://www.facebook.com/profile.php?id=100028877515465,610.0,na,0.0,0.0,na,0.0,0.0,na,0.8,0.0,na,1.2,0.2,na,0.8,0.0,na,2.2,0.0,,tsurutontan_east,na,na,na,na,na,na,na,na,na,na,na,na,na,na,na,na,na,na,na,na,na,tsurutontan_east,777.00,28.00,0.50,"9,642.00",396.00,4.00,na,na,na,377.00,10.00,0.00,na,na,na,576.00,22.00,0.00
The Daily Catch,https://www.instagram.com/thedailycatch/,"23,400.0",na,250.8,5.2,na,536.8,6.0,na,"2,016.0",27.0,na,na,na,na,"3,688.6",30.4,na,"6,713.4",25.4,https://www.facebook.com/TheDailyCatch,"2,200.0",na,4.4,0.6,na,6.2,0.4,na,48.0,4.0,na,0.0,0.0,na,9.0,0.5,na,6.8,1.4,,thedailycatch,https://www.tiktok.com/@thedailycatch,47.0,503.0,0.0,0.0,0.0,0.0,0.0,0.0,0.0,0.0,0.0,0.0,0.0,0.0,999.0,54.0,0.0,642.4,37.6,0.0,thedailycatch,na,na,na,na,na,na,190.00,5.00,0.00,"2,711.50",167.25,2.25,"5,621.00",130.50,2.00,na,na,na
Sugar & Spice ,https://www.instagram.com/sugarspicethai/,"3,795.0",na,56.0,3.0,na,96.5,6.5,na,na,na,na,na,na,na,50.0,4.0,na,31.8,1.4,https://www.facebook.com/sugarandspicethai,"1,000.0",na,34.0,2.0,na,15.0,0.0,na,0.0,0.0,na,0.0,0.0,na,0.0,0.0,na,0.0,0.0,,sugarspicethai,na,na,na,na,na,na,na,na,na,na,na,na,na,na,na,na,na,na,na,na,na,sugarspicethai,na,na,na,"10,500.00",382.00,5.00,na,na,na,na,na,na,na,na,na,na,na,na
Saloniki Greek,https://www.instagram.com/salonikigreek/,"6,339.0",na,42.5,1.6,na,24.0,2.6,na,46.7,6.6,na,47.0,1.6,na,32.2,1.4,na,52.6,1.8,https://www.facebook.com/salonikigreek,"2,000.0",na,1.6,0.0,na,1.0,0.0,na,1.6,0.0,na,4.6,0.3,na,1.4,0.0,na,6.0,0.4,,salonikigreek,https://www.tiktok.com/@salonikigreek,19.0,136.0,0.0,0.0,0.0,0.0,0.0,0.0,0.0,0.0,0.0,18.0,1.0,0.0,38.3,1.3,0.7,19.8,0.8,0.0,salonikigreek,na,na,na,333.00,6.00,0.00,na,na,na,na,na,na,68.00,0.00,1.00,828.00,44.00,0.00
Permanantly Closed,https://www.instagram.com/noodle_lab_boston/,980.0,na,na,na,na,na,na,na,na,na,na,na,na,na,na,na,na,na,na,na,na,na,na,na,na,na,na,na,na,na,na,na,na,na,na,na,na,na,na,,noodle_lab_boston,na,na,na,na,na,na,na,na,na,na,na,na,na,na,na,na,na,na,na,na,na,noodle_lab_boston,na,na,na,na,na,na,na,na,na,na,na,na,na,na,na,na,na,na
Red Lentil watertown,https://www.instagram.com/redlentil600/,"2,754.0",na,12.3,1.3,na,na,na,na,52.0,2.0,na,37.5,1.5,na,na,na,na,23.0,0.0,https://www.facebook.com/redlentilrestaurant,"5,300.0",na,7.0,1.0,na,9.5,0.0,na,12.3,1.3,na,22.7,0.3,na,0.0,0.0,na,14.0,0.7,,redlentil600,na,na,na,na,na,na,na,na,na,na,na,na,na,na,na,na,na,na,na,na,na,redlentil600,na,na,na,na,na,na,na,na,na,na,na,na,na,na,na,na,na,na
PURO ceviche bar,https://www.instagram.com/purocevichebar/,"4,954.0",na,na,1.2,na,15.0,0.4,na,na,3.0,na,"1,029.5",45.0,#DIV/0!,na,9.0,na,na,na,https://www.facebook.com/purocevichebar,931.0,na,0.0,0.0,na,0.0,0.0,na,0.0,0.0,na,0.0,0.0,na,0.0,0.0,na,0.0,0.0,,purocevichebar,https://www.tiktok.com/@puroceviche264,29.0,20.0,na,na,na,na,na,na,na,na,na,na,na,na,na,na,na,na,na,na,purocevichebar,na,na,na,"1,108.00",38.00,1.00,"1,031.00",40.50,2.00,na,na,na,"1,689.50",73.50,4.50,na,na,na
Parla,https://www.instagram.com/parlaboston/,"6,615.0",na,na,na,na,na,na,na,na,na,na,na,na,na,na,na,na,59.8,1.2,https://www.facebook.com/parlanorthend,"3,200.0",na,0.0,0.0,na,0.0,0.0,na,0.0,0.0,na,0.0,0.0,na,0.0,0.0,na,0.0,0.0,,parlaboston,na,na,na,na,na,na,na,na,na,na,na,na,na,na,na,na,na,na,na,na,na,parlaboston,na,na,na,"11,549.50",474.50,3.00,na,na,na,na,na,na,na,na,na,na,na,na
Permanantly Closed,https://www.instagram.com/terangaboston/,192.0,na,na,na,na,na,na,na,na,na,na,na,na,na,na,na,na,na,na,https://www.facebook.com/teranga.boston.9,19.0,na,0.0,0.0,na,0.0,0.0,na,0.0,0.0,na,0.0,0.0,na,0.0,0.0,na,0.0,0.0,,terangaboston,na,na,na,na,na,na,na,na,na,na,na,na,na,na,na,na,na,na,na,na,na,terangaboston,na,na,na,na,na,na,na,na,na,na,na,na,na,na,na,na,na,na
Temazcal Tequila Cantina,https://www.instagram.com/temazcalcantina/,"4,630.0",na,na,na,na,na,na,na,na,na,na,na,na,na,na,na,na,38.0,0.0,https://www.facebook.com/temazcalcantina,"5,400.0",na,0.0,0.0,na,0.0,0.0,na,0.0,0.0,na,0.0,0.0,na,0.0,0.0,na,0.0,0.0,,temazcalcantina,na,na,na,na,na,na,na,na,na,na,na,na,na,na,na,na,na,na,na,na,na,temazcalcantina,746.00,17.00,0.00,"1,632.00",90.00,1.00,na,na,na,759.00,22.00,1.00,"1,154.00",22.00,0.00,na,na,na
Citrus & Salt,https://www.instagram.com/citrussaltbos/,"30,800.0",na,324.5,42.4,na,320.0,4.6,na,360.0,7.2,na,476.0,62.0,na,454.0,4.2,na,445.0,37.8,https://www.facebook.com/citrussaltBOS,"3,000.0",na,0.0,0.0,na,0.0,0.0,na,0.0,0.0,na,0.0,0.0,na,0.0,0.0,na,0.0,0.0,,citrussaltbos,na,na,na,na,na,na,na,na,na,na,na,na,na,na,na,na,na,na,na,na,na,citrussaltbos,na,na,na,na,na,na,"2,163.00",133.50,2.00,359.00,20.00,0.00,na,na,na,na,na,na
La Colombe Coffee Roasters,https://www.instagram.com/lacolombecoffee/,"193,000.0",na,406.4,15.2,na,829.8,20.2,na,494.2,14.0,na,826.8,47.4,na,263.4,7.2,na,406.6,14.8,https://www.facebook.com/lacolombecoffee,"59,000.0",na,29.8,5.2,na,83.6,11.2,na,22.4,21.0,na,56.2,7.6,na,46.2,3.8,na,28.6,1.2,,lacolombecoffee,https://www.tiktok.com/@lacolombecoffee,"11,100.0","236,600.0","2,322.2",76.0,1.0,"1,234.6",56.8,4.4,"2,220.8",105.2,1.8,"18,936.4",867.4,13.4,"9,945.0",276.4,7.2,"1,723.4",58.0,3.0,lacolombecoffee,"6,792.00",699.00,25.00,"1,688.00",126.00,4.00,na,na,na,na,na,na,na,na,na,na,na,na
Ruckus,https://www.instagram.com/ruckusboston/,"1,860.0",na,45.2,0.2,na,48.0,0.6,na,12.0,0.4,na,32.0,2.2,na,na,na,na,na,na,https://www.facebook.com/ruckusbos,608.0,na,0.2,0.0,na,2.0,0.2,na,0.4,0.0,na,0.6,0.0,na,0.4,0.0,na,0.0,0.0,,ruckusboston,https://www.tiktok.com/@ruckusboston,12.0,438.0,"1,508.0",97.0,1.0,524.5,29.5,0.0,290.0,7.0,0.0,327.3,19.3,0.3,0.0,0.0,0.0,0.0,0.0,0.0,ruckusboston,na,na,na,na,na,na,na,na,na,na,na,na,na,na,na,na,na,na
Area Four,https://www.instagram.com/areafour/,"20,500.0",na,80.0,32.5,na,23.6,0.2,na,48.6,28.6,na,32.2,0.2,na,89.8,25.2,na,81.2,34.6,https://www.facebook.com/areafourcambridge,"5,800.0",na,2.2,1.0,na,1.2,0.6,na,1.2,0.6,na,1.2,0.4,na,0.8,0.2,na,1.4,0.8,,areafour,na,na,na,na,na,na,na,na,na,na,na,na,na,na,na,na,na,na,na,na,na,areafour,na,na,na,na,na,na,"1,090.00",72.00,2.00,na,na,na,na,na,na,na,na,na
Toro Boston,https://www.instagram.com/toroboston/,"39,000.0",na,287.4,8.4,na,615.8,14.2,na,454.8,6.8,na,419.2,9.8,na,418.0,4.6,na,"2,502.8",34.8,https://www.facebook.com/pages/Toro/1564245513843780,44.0,na,17.0,6.0,na,31.2,3.8,na,29.0,5.6,na,11.2,3.0,na,8.0,0.0,na,36.8,4.0,,toroboston,https://www.tiktok.com/@jkfoodgroup,"3,554.0","51,900.0",299.0,3.3,0.3,364.6,12.8,0.2,534.6,12.2,0.8,0.0,0.0,0.0,0.0,0.0,0.0,0.0,0.0,0.0,toroboston,"2,066.00",82.00,0.00,na,na,na,na,na,na,"1,798.50",90.00,1.00,"3,128.00",65.00,0.00,562.00,11.00,0.00
George Howell Coffee,https://www.instagram.com/ghowellcoffee/,"27,200.0",na,76.0,1.8,na,69.2,0.8,na,212.0,6.0,na,91.4,3.8,na,84.2,2.6,na,92.6,2.0,https://www.facebook.com/GHowellCoffee,"6,100.0",na,14.8,0.6,na,19.2,0.2,na,24.6,1.0,na,8.4,0.2,na,11.8,0.2,na,18.8,1.6,,ghowellcoffee,na,na,na,na,na,na,na,na,na,na,na,na,na,na,na,na,na,na,na,na,na,ghowellcoffee,351.00,15.00,0.00,na,na,na,na,na,na,566.50,22.00,0.00,557.00,55.00,0.00,"1,654.00",49.00,0.00
Permanantly Closed,https://www.instagram.com/shabumaru/,173.0,na,na,na,na,na,na,na,na,na,na,na,na,na,na,na,na,na,na,https://www.facebook.com/ShabumaruBoston,806.0,na,0.0,0.0,na,0.0,0.0,na,0.0,0.0,na,0.0,0.0,na,0.0,0.0,na,0.0,0.0,,shabumaru,na,na,na,na,na,na,na,na,na,na,na,na,na,na,na,na,na,na,na,na,na,shabumaru,na,na,na,na,na,na,na,na,na,na,na,na,na,na,na,na,na,na
Bar Mezzana,https://www.instagram.com/barmezzana/,"13,100.0",na,163.0,3.4,na,163.3,4.6,na,155.8,2.2,na,166.0,6.8,na,111.6,2.6,na,141.0,3.0,https://www.facebook.com/barmezzana,"2,300.0",na,14.8,1.0,na,14.0,0.8,na,15.2,1.8,na,32.0,5.0,na,15.4,0.2,na,17.4,1.0,,barmezzana,na,na,na,na,na,na,na,na,na,na,na,na,na,na,na,na,na,na,na,na,na,barmezzana,"1,058.00",38.00,3.00,865.00,29.00,1.00,na,na,na,"1,161.00",41.00,3.00,na,na,na,622.33,13.00,1.67
Ink Block Boston,https://www.instagram.com/inkblockboston/,"6,448.0",na,13.8,0.6,na,40.0,1.6,na,7.0,0.0,na,37.5,0.5,na,145.0,27.0,na,25.8,0.0,https://www.facebook.com/InkBlockApartments,"2,000.0",na,,,na,,,na,,,na,,,na,,,na,,,,inkblockboston,https://www.tiktok.com/@inkblockboston,12.0,9.0,0.0,0.0,0.0,0.0,0.0,0.0,0.0,0.0,0.0,0.0,0.0,0.0,0.0,0.0,0.0,0.0,0.0,0.0,inkblockboston,na,na,na,na,na,na,na,na,na,na,na,na,na,na,na,na,na,na
Oishii Boston,https://www.instagram.com/oishiiboston/,"5,469.0",na,na,na,na,na,na,na,na,na,na,na,na,na,na,na,na,na,na,https://www.facebook.com/OishiiBoston,"1,800.0",na,0.0,0.0,na,0.0,0.0,na,0.0,0.0,na,0.0,0.0,na,0.0,0.0,na,0.0,0.0,,oishiiboston,na,na,na,na,na,na,na,na,na,na,na,na,na,na,na,na,na,na,na,na,na,oishiiboston,na,na,na,"1,070.00",59.00,2.00,na,na,na,na,na,na,"11,000.00",428.00,6.00,"1,320.00",44.00,2.00
Crudo Boston,https://www.instagram.com/crudoboston/,"1,854.0",na,na,na,na,na,na,na,na,na,na,na,na,na,na,na,na,na,na,https://www.facebook.com/CrudoBoston,"1,400.0",na,0.0,0.0,na,0.0,0.0,na,0.0,0.0,na,0.0,0.0,na,0.0,0.0,na,0.0,0.0,,crudoboston,na,na,na,na,na,na,na,na,na,na,na,na,na,na,na,na,na,na,na,na,na,crudoboston,"1,204.50",30.00,0.50,na,na,na,na,na,na,na,na,na,na,na,na,536.00,20.00,0.00
Meimei dumplings,https://www.instagram.com/meimeidumplings/,"25,000.0",na,439.2,13.2,na,549.4,4.0,na,207.2,5.0,na,167.2,4.6,na,230.8,5.6,na,254.8,5.4,https://www.facebook.com/meimeidumpling,"5,500.0",na,11.3,1.0,na,12.0,1.0,na,14.6,2.4,na,16.0,1.4,na,22.4,1.8,na,17.2,2.6,,meimeidumplings,https://www.tiktok.com/@meimeidumplings,126.0,"1,578.0",352.2,28.6,0.0,294.0,25.0,0.0,720.5,32.5,0.5,804.3,36.4,0.4,"1,181.7",83.5,0.0,"1,240.2",90.2,0.8,meimeidumplings,na,na,na,"1,138.00",46.00,3.00,na,na,na,na,na,na,na,na,na,na,na,na
Paramount Southie,https://www.instagram.com/paramountsouthie/,"3,032.0",na,na,0.0,na,na,na,na,na,1.0,na,na,na,na,na,1.2,na,na,na,https://www.facebook.com/paramountsouthie,"1,800.0",na,0.0,0.0,na,0.0,0.0,na,0.0,0.0,na,0.0,0.0,na,0.0,0.0,na,0.0,0.0,,paramountsouthie,na,na,na,na,na,na,na,na,na,na,na,na,na,na,na,na,na,na,na,na,na,paramountsouthie,na,na,na,na,na,na,na,na,na,na,na,na,na,na,na,na,na,na
Teado Central,https://www.instagram.com/teadocentral/,104.0,na,na,na,na,na,na,na,na,na,na,11.0,1.0,na,15.0,0.0,na,15.0,1.0,https://www.facebook.com/teadoboston,951.0,na,0.2,0.0,na,0.0,0.0,na,0.0,0.0,na,1.6,0.6,na,3.5,0.0,na,0.8,0.0,,teadocentral,https://www.tiktok.com/@teadocentralsq,14.0,21.0,0.0,0.0,0.0,0.0,0.0,0.0,0.0,0.0,0.0,0.0,0.0,0.0,0.0,0.0,0.0,86.3,2.8,0.0,teadocentral,na,na,na,na,na,na,na,na,na,na,na,na,na,na,na,na,na,na
Trade Boston,https://www.instagram.com/tradeboston/,"9,565.0",na,61.4,2.6,na,39.0,0.8,na,50.6,1.4,na,47.5,1.4,na,33.6,1.0,na,40.0,4.2,https://www.facebook.com/TradeBoston,"6,100.0",na,2.4,0.0,na,3.4,0.0,na,3.6,0.0,na,4.6,0.2,na,2.0,0.0,na,1.6,0.0,,tradeboston,https://www.tiktok.com/@tradeboston,20.0,228.0,0.0,0.0,0.0,0.0,0.0,0.0,247.0,4.0,0.5,38.3,1.0,0.0,35.0,0.7,0.0,4.2,0.6,0.0,tradeboston,na,na,na,640.00,26.00,4.00,na,na,na,"1,333.00",30.00,3.00,na,na,na,"1,485.00",55.00,2.00