business_name,insta_followers,insta_like_range_month_m,insta_view_range_month_m,insta_comment_range_month_m,insta_like_range_month_m_1,insta_comment_range_month_m_1,insta_view_range_month_m_1
Cafe Luna,3160.0,"(13.95, 67.2]","(-0.001, 2083.75]","(2.0, 7.0]","(-0.001, 13.95]","(-0.001, 2.0]","(-0.001, 2083.75]"
Cafe Luna,3160.0,"(-0.001, 13.95]","(-0.001, 2083.75]","(-0.001, 2.0]","(-0.001, 13.95]","(-0.001, 2.0]","(-0.001, 2083.75]"
Cafe Luna,3160.0,"(-0.001, 13.95]","(-0.001, 2083.75]","(-0.001, 2.0]","(-0.001, 13.95]","(-0.001, 2.0]","(-0.001, 2083.75]"
Cafe Luna,3160.0,"(-0.001, 13.95]","(-0.001, 2083.75]","(-0.001, 2.0]","(-0.001, 13.95]","(-0.001, 2.0]","(-0.001, 2083.75]"
Cafe Luna,3160.0,"(-0.001, 13.95]","(-0.001, 2083.75]","(-0.001, 2.0]","(-0.001, 13.95]","(-0.001, 2.0]","(-0.001, 2083.75]"
Moona,6882.0,"(13.95, 67.2]","(-0.001, 2083.75]","(-0.001, 2.0]","(13.95, 67.2]","(2.0, 7.0]","(-0.001, 2083.75]"
Moona,6882.0,"(13.95, 67.2]","(-0.001, 2083.75]","(2.0, 7.0]","(13.95, 67.2]","(-0.001, 2.0]","(-0.001, 2083.75]"
Moona,6882.0,"(13.95, 67.2]","(-0.001, 2083.75]","(-0.001, 2.0]","(13.95, 67.2]","(-0.001, 2.0]","(-0.001, 2083.75]"
Moona,6882.0,"(13.95, 67.2]","(-0.001, 2083.75]","(-0.001, 2.0]","(67.2, 181.1]","(2.0, 7.0]","(-0.001, 2083.75]"
Moona,6882.0,"(67.2, 181.1]","(-0.001, 2083.75]","(2.0, 7.0]","(13.95, 67.2]","(-0.001, 2.0]","(-0.001, 2083.75]"
4 Corners Pizza,27000.0,"(181.1, 7864.8]","(2083.75, 359000.0]","(7.0, 3329.0]","(181.1, 7864.8]","(7.0, 3329.0]","(2083.75, 359000.0]"
4 Corners Pizza,27000.0,"(181.1, 7864.8]","(2083.75, 359000.0]","(7.0, 3329.0]","(181.1, 7864.8]","(7.0, 3329.0]","(2083.75, 359000.0]"
4 Corners Pizza,27000.0,"(181.1, 7864.8]","(2083.75, 359000.0]","(7.0, 3329.0]","(181.1, 7864.8]","(7.0, 3329.0]","(2083.75, 359000.0]"
4 Corners Pizza,27000.0,"(181.1, 7864.8]","(2083.75, 359000.0]","(7.0, 3329.0]","(181.1, 7864.8]","(7.0, 3329.0]","(2083.75, 359000.0]"
4 Corners Pizza,27000.0,"(181.1, 7864.8]","(2083.75, 359000.0]","(7.0, 3329.0]","(181.1, 7864.8]","(7.0, 3329.0]","(2083.75, 359000.0]"
Hunters,21000.0,"(181.1, 7864.8]","(2083.75, 359000.0]","(2.0, 7.0]","(181.1, 7864.8]","(2.0, 7.0]","(2083.75, 359000.0]"
Hunters,21000.0,"(181.1, 7864.8]","(2083.75, 359000.0]","(2.0, 7.0]","(181.1, 7864.8]","(7.0, 3329.0]","(2083.75, 359000.0]"
Hunters,21000.0,"(181.1, 7864.8]","(2083.75, 359000.0]","(7.0, 3329.0]","(181.1, 7864.8]","(2.0, 7.0]","(-0.001, 2083.75]"
Hunters,21000.0,"(181.1, 7864.8]","(-0.001, 2083.75]","(2.0, 7.0]","(181.1, 7864.8]","(2.0, 7.0]","(2083.75, 359000.0]"
Hunters,21000.0,"(181.1, 7864.8]","(2083.75, 359000.0]","(2.0, 7.0]","(181.1, 7864.8]","(2.0, 7.0]","(2083.75, 359000.0]"
Ruka Resto Bar,12000.0,"(67.2, 181.1]","(2083.75, 359000.0]","(2.0, 7.0]","(67.2, 181.1]","(-0.001, 2.0]","(2083.75, 359000.0]"
Ruka Resto Bar,12000.0,"(67.2, 181.1]","(2083.75, 359000.0]","(-0.001, 2.0]","(67.2, 181.1]","(2.0, 7.0]","(2083.75, 359000.0]"
Ruka Resto Bar,12000.0,"(67.2, 181.1]","(2083.75, 359000.0]","(2.0, 7.0]","(67.2, 181.1]","(-0.001, 2.0]","(2083.75, 359000.0]"
Ruka Resto Bar,12000.0,"(67.2, 181.1]","(2083.75, 359000.0]","(-0.001, 2.0]","(67.2, 181.1]","(-0.001, 2.0]","(2083.75, 359000.0]"
Ruka Resto Bar,12000.0,"(67.2, 181.1]","(2083.75, 359000.0]","(-0.001, 2.0]","(67.2, 181.1]","(-0.001, 2.0]","(2083.75, 359000.0]"
Committee,15000.0,"(13.95, 67.2]","(-0.001, 2083.75]","(-0.001, 2.0]","(67.2, 181.1]","(-0.001, 2.0]","(-0.001, 2083.75]"
Committee,15000.0,"(67.2, 181.1]","(-0.001, 2083.75]","(-0.001, 2.0]","(67.2, 181.1]","(-0.001, 2.0]","(-0.001, 2083.75]"
Committee,15000.0,"(67.2, 181.1]","(-0.001, 2083.75]","(-0.001, 2.0]","(-0.001, 13.95]","(-0.001, 2.0]","(-0.001, 2083.75]"
Committee,15000.0,"(-0.001, 13.95]","(-0.001, 2083.75]","(-0.001, 2.0]","(-0.001, 13.95]","(-0.001, 2.0]","(-0.001, 2083.75]"
Committee,15000.0,"(-0.001, 13.95]","(-0.001, 2083.75]","(-0.001, 2.0]","(181.1, 7864.8]","(7.0, 3329.0]","(2083.75, 359000.0]"
Zuma,16000.0,"(67.2, 181.1]","(2083.75, 359000.0]","(2.0, 7.0]","(67.2, 181.1]","(-0.001, 2.0]","(2083.75, 359000.0]"
Zuma,16000.0,"(67.2, 181.1]","(2083.75, 359000.0]","(-0.001, 2.0]","(181.1, 7864.8]","(-0.001, 2.0]","(-0.001, 2083.75]"
Zuma,16000.0,"(181.1, 7864.8]","(-0.001, 2083.75]","(-0.001, 2.0]","(67.2, 181.1]","(2.0, 7.0]","(-0.001, 2083.75]"
Zuma,16000.0,"(67.2, 181.1]","(-0.001, 2083.75]","(2.0, 7.0]","(181.1, 7864.8]","(7.0, 3329.0]","(-0.001, 2083.75]"
Zuma,16000.0,"(181.1, 7864.8]","(-0.001, 2083.75]","(7.0, 3329.0]","(67.2, 181.1]","(2.0, 7.0]","(2083.75, 359000.0]"
Orleans Bar & Restaurant,1044.0,"(-0.001, 13.95]","(-0.001, 2083.75]","(-0.001, 2.0]","(13.95, 67.2]","(-0.001, 2.0]","(-0.001, 2083.75]"
Orleans Bar & Restaurant,1044.0,"(13.95, 67.2]","(-0.001, 2083.75]","(-0.001, 2.0]","(-0.001, 13.95]","(-0.001, 2.0]","(-0.001, 2083.75]"
Orleans Bar & Restaurant,1044.0,"(-0.001, 13.95]","(-0.001, 2083.75]","(-0.001, 2.0]","(13.95, 67.2]","(2.0, 7.0]","(-0.001, 2083.75]"
Orleans Bar & Restaurant,1044.0,"(13.95, 67.2]","(-0.001, 2083.75]","(2.0, 7.0]","(13.95, 67.2]","(-0.001, 2.0]","(-0.001, 2083.75]"
Orleans Bar & Restaurant,1044.0,"(13.95, 67.2]","(-0.001, 2083.75]","(-0.001, 2.0]","(-0.001, 13.95]","(-0.001, 2.0]","(-0.001, 2083.75]"
Nagomi Kenmore,2290.0,"(13.95, 67.2]","(-0.001, 2083.75]","(-0.001, 2.0]","(13.95, 67.2]","(2.0, 7.0]","(-0.001, 2083.75]"
Nagomi Kenmore,2290.0,"(13.95, 67.2]","(-0.001, 2083.75]","(2.0, 7.0]","(13.95, 67.2]","(-0.001, 2.0]","(-0.001, 2083.75]"
Nagomi Kenmore,2290.0,"(13.95, 67.2]","(-0.001, 2083.75]","(-0.001, 2.0]","(13.95, 67.2]","(2.0, 7.0]","(-0.001, 2083.75]"
Nagomi Kenmore,2290.0,"(13.95, 67.2]","(-0.001, 2083.75]","(2.0, 7.0]","(67.2, 181.1]","(2.0, 7.0]","(2083.75, 359000.0]"
Nagomi Kenmore,2290.0,"(67.2, 181.1]","(2083.75, 359000.0]","(2.0, 7.0]","(13.95, 67.2]","(2.0, 7.0]","(-0.001, 2083.75]"
The Lexington,44431.0,"(13.95, 67.2]","(-0.001, 2083.75]","(-0.001, 2.0]","(13.95, 67.2]","(-0.001, 2.0]","(-0.001, 2083.75]"
The Lexington,44431.0,"(13.95, 67.2]","(-0.001, 2083.75]","(-0.001, 2.0]","(13.95, 67.2]","(-0.001, 2.0]","(-0.001, 2083.75]"
The Lexington,44431.0,"(13.95, 67.2]","(-0.001, 2083.75]","(-0.001, 2.0]","(13.95, 67.2]","(-0.001, 2.0]","(2083.75, 359000.0]"
The Lexington,44431.0,"(13.95, 67.2]","(2083.75, 359000.0]","(-0.001, 2.0]","(13.95, 67.2]","(-0.001, 2.0]","(2083.75, 359000.0]"
The Lexington,44431.0,"(13.95, 67.2]","(2083.75, 359000.0]","(-0.001, 2.0]","(13.95, 67.2]","(-0.001, 2.0]","(-0.001, 2083.75]"
Bistro du Midi Boston,5869.0,"(67.2, 181.1]","(-0.001, 2083.75]","(-0.001, 2.0]","(13.95, 67.2]","(2.0, 7.0]","(-0.001, 2083.75]"
Bistro du Midi Boston,5869.0,"(13.95, 67.2]","(-0.001, 2083.75]","(2.0, 7.0]","(13.95, 67.2]","(-0.001, 2.0]","(-0.001, 2083.75]"
Bistro du Midi Boston,5869.0,"(13.95, 67.2]","(-0.001, 2083.75]","(-0.001, 2.0]","(67.2, 181.1]","(2.0, 7.0]","(2083.75, 359000.0]"
Bistro du Midi Boston,5869.0,"(67.2, 181.1]","(2083.75, 359000.0]","(2.0, 7.0]","(13.95, 67.2]","(-0.001, 2.0]","(-0.001, 2083.75]"
Bistro du Midi Boston,5869.0,"(13.95, 67.2]","(-0.001, 2083.75]","(-0.001, 2.0]","(67.2, 181.1]","(2.0, 7.0]","(-0.001, 2083.75]"
LoLa 42,8504.0,"(-0.001, 13.95]","(-0.001, 2083.75]","(-0.001, 2.0]","(67.2, 181.1]","(2.0, 7.0]","(-0.001, 2083.75]"
LoLa 42,8504.0,"(67.2, 181.1]","(-0.001, 2083.75]","(2.0, 7.0]","(181.1, 7864.8]","(7.0, 3329.0]","(-0.001, 2083.75]"
LoLa 42,8504.0,"(181.1, 7864.8]","(-0.001, 2083.75]","(7.0, 3329.0]","(67.2, 181.1]","(-0.001, 2.0]","(-0.001, 2083.75]"
LoLa 42,8504.0,"(67.2, 181.1]","(-0.001, 2083.75]","(-0.001, 2.0]","(13.95, 67.2]","(-0.001, 2.0]","(-0.001, 2083.75]"
LoLa 42,8504.0,"(13.95, 67.2]","(-0.001, 2083.75]","(-0.001, 2.0]","(13.95, 67.2]","(2.0, 7.0]","(-0.001, 2083.75]"
No. 9 Park,8677.0,"(67.2, 181.1]","(-0.001, 2083.75]","(-0.001, 2.0]","(67.2, 181.1]","(-0.001, 2.0]","(-0.001, 2083.75]"
No. 9 Park,8677.0,"(67.2, 181.1]","(-0.001, 2083.75]","(-0.001, 2.0]","(67.2, 181.1]","(2.0, 7.0]","(-0.001, 2083.75]"
No. 9 Park,8677.0,"(67.2, 181.1]","(-0.001, 2083.75]","(2.0, 7.0]","(181.1, 7864.8]","(7.0, 3329.0]","(-0.001, 2083.75]"
No. 9 Park,8677.0,"(181.1, 7864.8]","(-0.001, 2083.75]","(7.0, 3329.0]","(67.2, 181.1]","(2.0, 7.0]","(-0.001, 2083.75]"
No. 9 Park,8677.0,"(67.2, 181.1]","(-0.001, 2083.75]","(2.0, 7.0]","(13.95, 67.2]","(2.0, 7.0]","(-0.001, 2083.75]"
Stella Cheeses,3612.0,"(-0.001, 13.95]","(-0.001, 2083.75]","(-0.001, 2.0]","(-0.001, 13.95]","(-0.001, 2.0]","(-0.001, 2083.75]"
Stella Cheeses,3612.0,"(-0.001, 13.95]","(-0.001, 2083.75]","(-0.001, 2.0]","(67.2, 181.1]","(-0.001, 2.0]","(-0.001, 2083.75]"
Stella Cheeses,3612.0,"(67.2, 181.1]","(-0.001, 2083.75]","(-0.001, 2.0]","(13.95, 67.2]","(-0.001, 2.0]","(-0.001, 2083.75]"
Stella Cheeses,3612.0,"(13.95, 67.2]","(-0.001, 2083.75]","(-0.001, 2.0]","(13.95, 67.2]","(-0.001, 2.0]","(-0.001, 2083.75]"
Stella Cheeses,3612.0,"(13.95, 67.2]","(-0.001, 2083.75]","(-0.001, 2.0]","(13.95, 67.2]","(2.0, 7.0]","(-0.001, 2083.75]"
Bar Vlaha,7004.0,"(181.1, 7864.8]","(2083.75, 359000.0]","(2.0, 7.0]","(181.1, 7864.8]","(2.0, 7.0]","(2083.75, 359000.0]"
Bar Vlaha,7004.0,"(181.1, 7864.8]","(2083.75, 359000.0]","(2.0, 7.0]","(181.1, 7864.8]","(2.0, 7.0]","(2083.75, 359000.0]"
Bar Vlaha,7004.0,"(181.1, 7864.8]","(2083.75, 359000.0]","(2.0, 7.0]","(67.2, 181.1]","(-0.001, 2.0]","(2083.75, 359000.0]"
Bar Vlaha,7004.0,"(67.2, 181.1]","(2083.75, 359000.0]","(-0.001, 2.0]","(67.2, 181.1]","(2.0, 7.0]","(2083.75, 359000.0]"
Bar Vlaha,7004.0,"(67.2, 181.1]","(2083.75, 359000.0]","(2.0, 7.0]","(67.2, 181.1]","(2.0, 7.0]","(2083.75, 359000.0]"
Levain Bakery,502000.0,"(181.1, 7864.8]","(2083.75, 359000.0]","(7.0, 3329.0]","(181.1, 7864.8]","(7.0, 3329.0]","(2083.75, 359000.0]"
Levain Bakery,502000.0,"(181.1, 7864.8]","(2083.75, 359000.0]","(7.0, 3329.0]","(181.1, 7864.8]","(7.0, 3329.0]","(2083.75, 359000.0]"
Levain Bakery,502000.0,"(181.1, 7864.8]","(2083.75, 359000.0]","(7.0, 3329.0]","(181.1, 7864.8]","(7.0, 3329.0]","(2083.75, 359000.0]"
Levain Bakery,502000.0,"(181.1, 7864.8]","(2083.75, 359000.0]","(7.0, 3329.0]","(181.1, 7864.8]","(7.0, 3329.0]","(2083.75, 359000.0]"
Levain Bakery,502000.0,"(181.1, 7864.8]","(2083.75, 359000.0]","(7.0, 3329.0]","(181.1, 7864.8]","(7.0, 3329.0]","(-0.001, 2083.75]"
Hood Dairy,5408.0,"(13.95, 67.2]","(-0.001, 2083.75]","(2.0, 7.0]","(13.95, 67.2]","(2.0, 7.0]","(-0.001, 2083.75]"
Hood Dairy,5408.0,"(13.95, 67.2]","(-0.001, 2083.75]","(2.0, 7.0]","(13.95, 67.2]","(2.0, 7.0]","(-0.001, 2083.75]"
Hood Dairy,5408.0,"(13.95, 67.2]","(-0.001, 2083.75]","(2.0, 7.0]","(13.95, 67.2]","(7.0, 3329.0]","(-0.001, 2083.75]"
Hood Dairy,5408.0,"(13.95, 67.2]","(-0.001, 2083.75]","(7.0, 3329.0]","(13.95, 67.2]","(7.0, 3329.0]","(-0.001, 2083.75]"
Hood Dairy,5408.0,"(13.95, 67.2]","(-0.001, 2083.75]","(7.0, 3329.0]","(13.95, 67.2]","(2.0, 7.0]","(-0.001, 2083.75]"
Crazy Good Kitchen,47000.0,"(181.1, 7864.8]","(2083.75, 359000.0]","(7.0, 3329.0]","(181.1, 7864.8]","(7.0, 3329.0]","(2083.75, 359000.0]"
Crazy Good Kitchen,47000.0,"(181.1, 7864.8]","(2083.75, 359000.0]","(7.0, 3329.0]","(67.2, 181.1]","(7.0, 3329.0]","(2083.75, 359000.0]"
Crazy Good Kitchen,47000.0,"(67.2, 181.1]","(2083.75, 359000.0]","(7.0, 3329.0]","(67.2, 181.1]","(2.0, 7.0]","(2083.75, 359000.0]"
Crazy Good Kitchen,47000.0,"(67.2, 181.1]","(2083.75, 359000.0]","(2.0, 7.0]","(181.1, 7864.8]","(7.0, 3329.0]","(-0.001, 2083.75]"
Crazy Good Kitchen,47000.0,"(181.1, 7864.8]","(-0.001, 2083.75]","(7.0, 3329.0]","(181.1, 7864.8]","(2.0, 7.0]","(2083.75, 359000.0]"
Grill 23 & Bar,8674.0,"(67.2, 181.1]","(-0.001, 2083.75]","(2.0, 7.0]","(67.2, 181.1]","(2.0, 7.0]","(-0.001, 2083.75]"
Grill 23 & Bar,8674.0,"(67.2, 181.1]","(-0.001, 2083.75]","(2.0, 7.0]","(181.1, 7864.8]","(2.0, 7.0]","(-0.001, 2083.75]"
Grill 23 & Bar,8674.0,"(181.1, 7864.8]","(-0.001, 2083.75]","(2.0, 7.0]","(67.2, 181.1]","(2.0, 7.0]","(2083.75, 359000.0]"
Grill 23 & Bar,8674.0,"(67.2, 181.1]","(2083.75, 359000.0]","(2.0, 7.0]","(67.2, 181.1]","(2.0, 7.0]","(-0.001, 2083.75]"
Grill 23 & Bar,8674.0,"(67.2, 181.1]","(-0.001, 2083.75]","(2.0, 7.0]","(67.2, 181.1]","(-0.001, 2.0]","(-0.001, 2083.75]"
Smith & Wollensky,30000.0,"(67.2, 181.1]","(2083.75, 359000.0]","(2.0, 7.0]","(67.2, 181.1]","(2.0, 7.0]","(2083.75, 359000.0]"
Smith & Wollensky,30000.0,"(67.2, 181.1]","(2083.75, 359000.0]","(2.0, 7.0]","(67.2, 181.1]","(2.0, 7.0]","(-0.001, 2083.75]"
Smith & Wollensky,30000.0,"(67.2, 181.1]","(-0.001, 2083.75]","(2.0, 7.0]","(67.2, 181.1]","(2.0, 7.0]","(2083.75, 359000.0]"
Smith & Wollensky,30000.0,"(67.2, 181.1]","(2083.75, 359000.0]","(2.0, 7.0]","(67.2, 181.1]","(2.0, 7.0]","(2083.75, 359000.0]"
Smith & Wollensky,30000.0,"(67.2, 181.1]","(2083.75, 359000.0]","(2.0, 7.0]","(67.2, 181.1]","(2.0, 7.0]","(2083.75, 359000.0]"
LoLa Burger,4764.0,"(181.1, 7864.8]","(2083.75, 359000.0]","(7.0, 3329.0]","(181.1, 7864.8]","(7.0, 3329.0]","(2083.75, 359000.0]"
LoLa Burger,4764.0,"(181.1, 7864.8]","(2083.75, 359000.0]","(7.0, 3329.0]","(13.95, 67.2]","(-0.001, 2.0]","(-0.001, 2083.75]"
LoLa Burger,4764.0,"(13.95, 67.2]","(-0.001, 2083.75]","(-0.001, 2.0]","(13.95, 67.2]","(-0.001, 2.0]","(-0.001, 2083.75]"
LoLa Burger,4764.0,"(13.95, 67.2]","(-0.001, 2083.75]","(-0.001, 2.0]","(13.95, 67.2]","(-0.001, 2.0]","(-0.001, 2083.75]"
LoLa Burger,4764.0,"(13.95, 67.2]","(-0.001, 2083.75]","(-0.001, 2.0]","(67.2, 181.1]","(-0.001, 2.0]","(2083.75, 359000.0]"
Woods Hill Pier 4,13000.0,"(67.2, 181.1]","(-0.001, 2083.75]","(2.0, 7.0]","(67.2, 181.1]","(2.0, 7.0]","(2083.75, 359000.0]"
Woods Hill Pier 4,13000.0,"(67.2, 181.1]","(2083.75, 359000.0]","(2.0, 7.0]","(67.2, 181.1]","(2.0, 7.0]","(2083.75, 359000.0]"
Woods Hill Pier 4,13000.0,"(67.2, 181.1]","(2083.75, 359000.0]","(2.0, 7.0]","(181.1, 7864.8]","(7.0, 3329.0]","(2083.75, 359000.0]"
Woods Hill Pier 4,13000.0,"(181.1, 7864.8]","(2083.75, 359000.0]","(7.0, 3329.0]","(181.1, 7864.8]","(2.0, 7.0]","(2083.75, 359000.0]"
Woods Hill Pier 4,13000.0,"(181.1, 7864.8]","(2083.75, 359000.0]","(2.0, 7.0]","(67.2, 181.1]","(-0.001, 2.0]","(2083.75, 359000.0]"
Petit Robert Bistro,6383.0,"(67.2, 181.1]","(-0.001, 2083.75]","(2.0, 7.0]","(-0.001, 13.95]","(-0.001, 2.0]","(-0.001, 2083.75]"
Petit Robert Bistro,6383.0,"(-0.001, 13.95]","(-0.001, 2083.75]","(-0.001, 2.0]","(13.95, 67.2]","(-0.001, 2.0]","(2083.75, 359000.0]"
Petit Robert Bistro,6383.0,"(13.95, 67.2]","(2083.75, 359000.0]","(-0.001, 2.0]","(67.2, 181.1]","(2.0, 7.0]","(2083.75, 359000.0]"
Petit Robert Bistro,6383.0,"(67.2, 181.1]","(2083.75, 359000.0]","(2.0, 7.0]","(-0.001, 13.95]","(7.0, 3329.0]","(-0.001, 2083.75]"
Petit Robert Bistro,6383.0,"(-0.001, 13.95]","(-0.001, 2083.75]","(7.0, 3329.0]","(-0.001, 13.95]","(7.0, 3329.0]","(-0.001, 2083.75]"
The Dial,3733.0,"(-0.001, 13.95]","(2083.75, 359000.0]","(-0.001, 2.0]","(-0.001, 13.95]","(-0.001, 2.0]","(-0.001, 2083.75]"
The Dial,3733.0,"(-0.001, 13.95]","(-0.001, 2083.75]","(-0.001, 2.0]","(13.95, 67.2]","(-0.001, 2.0]","(-0.001, 2083.75]"
The Dial,3733.0,"(13.95, 67.2]","(-0.001, 2083.75]","(-0.001, 2.0]","(-0.001, 13.95]","(-0.001, 2.0]","(-0.001, 2083.75]"
The Dial,3733.0,"(-0.001, 13.95]","(-0.001, 2083.75]","(-0.001, 2.0]","(181.1, 7864.8]","(7.0, 3329.0]","(2083.75, 359000.0]"
The Dial,3733.0,"(181.1, 7864.8]","(2083.75, 359000.0]","(7.0, 3329.0]","(181.1, 7864.8]","(7.0, 3329.0]","(2083.75, 359000.0]"
Blue Owl Central Square,3728.0,"(13.95, 67.2]","(-0.001, 2083.75]","(-0.001, 2.0]","(13.95, 67.2]","(-0.001, 2.0]","(-0.001, 2083.75]"
Blue Owl Central Square,3728.0,"(13.95, 67.2]","(-0.001, 2083.75]","(-0.001, 2.0]","(67.2, 181.1]","(-0.001, 2.0]","(-0.001, 2083.75]"
Blue Owl Central Square,3728.0,"(67.2, 181.1]","(-0.001, 2083.75]","(-0.001, 2.0]","(-0.001, 13.95]","(-0.001, 2.0]","(-0.001, 2083.75]"
Blue Owl Central Square,3728.0,"(-0.001, 13.95]","(-0.001, 2083.75]","(-0.001, 2.0]","(181.1, 7864.8]","(7.0, 3329.0]","(2083.75, 359000.0]"
Blue Owl Central Square,3728.0,"(181.1, 7864.8]","(2083.75, 359000.0]","(7.0, 3329.0]","(-0.001, 13.95]","(-0.001, 2.0]","(-0.001, 2083.75]"
Yellow Door Taqueria,22000.0,"(181.1, 7864.8]","(-0.001, 2083.75]","(2.0, 7.0]","(181.1, 7864.8]","(7.0, 3329.0]","(2083.75, 359000.0]"
Yellow Door Taqueria,22000.0,"(181.1, 7864.8]","(2083.75, 359000.0]","(7.0, 3329.0]","(67.2, 181.1]","(2.0, 7.0]","(-0.001, 2083.75]"
Yellow Door Taqueria,22000.0,"(67.2, 181.1]","(-0.001, 2083.75]","(2.0, 7.0]","(181.1, 7864.8]","(7.0, 3329.0]","(2083.75, 359000.0]"
Yellow Door Taqueria,22000.0,"(181.1, 7864.8]","(2083.75, 359000.0]","(7.0, 3329.0]","(67.2, 181.1]","(-0.001, 2.0]","(2083.75, 359000.0]"
Yellow Door Taqueria,22000.0,"(67.2, 181.1]","(2083.75, 359000.0]","(-0.001, 2.0]","(181.1, 7864.8]","(2.0, 7.0]","(-0.001, 2083.75]"
Bar 'Cino,3793.0,"(67.2, 181.1]","(-0.001, 2083.75]","(7.0, 3329.0]","(67.2, 181.1]","(7.0, 3329.0]","(-0.001, 2083.75]"
Bar 'Cino,3793.0,"(67.2, 181.1]","(-0.001, 2083.75]","(7.0, 3329.0]","(67.2, 181.1]","(7.0, 3329.0]","(-0.001, 2083.75]"
Bar 'Cino,3793.0,"(67.2, 181.1]","(-0.001, 2083.75]","(7.0, 3329.0]","(67.2, 181.1]","(7.0, 3329.0]","(-0.001, 2083.75]"
Bar 'Cino,3793.0,"(67.2, 181.1]","(-0.001, 2083.75]","(7.0, 3329.0]","(67.2, 181.1]","(7.0, 3329.0]","(-0.001, 2083.75]"
Bar 'Cino,3793.0,"(67.2, 181.1]","(-0.001, 2083.75]","(7.0, 3329.0]","(67.2, 181.1]","(7.0, 3329.0]","(-0.001, 2083.75]"
Tradesman Coffee Shop & Lounge,14000.0,"(181.1, 7864.8]","(2083.75, 359000.0]","(7.0, 3329.0]","(181.1, 7864.8]","(7.0, 3329.0]","(2083.75, 359000.0]"
Tradesman Coffee Shop & Lounge,14000.0,"(181.1, 7864.8]","(2083.75, 359000.0]","(7.0, 3329.0]","(181.1, 7864.8]","(7.0, 3329.0]","(2083.75, 359000.0]"
Tradesman Coffee Shop & Lounge,14000.0,"(181.1, 7864.8]","(2083.75, 359000.0]","(7.0, 3329.0]","(181.1, 7864.8]","(7.0, 3329.0]","(-0.001, 2083.75]"
Tradesman Coffee Shop & Lounge,14000.0,"(181.1, 7864.8]","(-0.001, 2083.75]","(7.0, 3329.0]","(181.1, 7864.8]","(7.0, 3329.0]","(2083.75, 359000.0]"
Tradesman Coffee Shop & Lounge,14000.0,"(181.1, 7864.8]","(2083.75, 359000.0]","(7.0, 3329.0]","(181.1, 7864.8]","(7.0, 3329.0]","(-0.001, 2083.75]"
Bakey Babka,13000.0,"(181.1, 7864.8]","(-0.001, 2083.75]","(7.0, 3329.0]","(181.1, 7864.8]","(7.0, 3329.0]","(-0.001, 2083.75]"
Bakey Babka,13000.0,"(181.1, 7864.8]","(-0.001, 2083.75]","(7.0, 3329.0]","(-0.001, 13.95]","(-0.001, 2.0]","(-0.001, 2083.75]"
Bakey Babka,13000.0,"(-0.001, 13.95]","(-0.001, 2083.75]","(-0.001, 2.0]","(181.1, 7864.8]","(7.0, 3329.0]","(2083.75, 359000.0]"
Bakey Babka,13000.0,"(181.1, 7864.8]","(2083.75, 359000.0]","(7.0, 3329.0]","(181.1, 7864.8]","(7.0, 3329.0]","(2083.75, 359000.0]"
Bakey Babka,13000.0,"(181.1, 7864.8]","(2083.75, 359000.0]","(7.0, 3329.0]","(67.2, 181.1]","(7.0, 3329.0]","(2083.75, 359000.0]"
Delini Gelato Boston,2776.0,"(181.1, 7864.8]","(-0.001, 2083.75]","(7.0, 3329.0]","(67.2, 181.1]","(2.0, 7.0]","(-0.001, 2083.75]"
Delini Gelato Boston,2776.0,"(67.2, 181.1]","(-0.001, 2083.75]","(2.0, 7.0]","(181.1, 7864.8]","(7.0, 3329.0]","(-0.001, 2083.75]"
Delini Gelato Boston,2776.0,"(181.1, 7864.8]","(-0.001, 2083.75]","(7.0, 3329.0]","(-0.001, 13.95]","(-0.001, 2.0]","(-0.001, 2083.75]"
Delini Gelato Boston,2776.0,"(-0.001, 13.95]","(-0.001, 2083.75]","(-0.001, 2.0]","(-0.001, 13.95]","(-0.001, 2.0]","(-0.001, 2083.75]"
Delini Gelato Boston,2776.0,"(-0.001, 13.95]","(-0.001, 2083.75]","(-0.001, 2.0]","(-0.001, 13.95]","(-0.001, 2.0]","(-0.001, 2083.75]"
Umbria Steakhouse & Roofdeck,5850.0,"(67.2, 181.1]","(-0.001, 2083.75]","(7.0, 3329.0]","(13.95, 67.2]","(-0.001, 2.0]","(-0.001, 2083.75]"
Umbria Steakhouse & Roofdeck,5850.0,"(13.95, 67.2]","(-0.001, 2083.75]","(-0.001, 2.0]","(-0.001, 13.95]","(-0.001, 2.0]","(-0.001, 2083.75]"
Umbria Steakhouse & Roofdeck,5850.0,"(-0.001, 13.95]","(-0.001, 2083.75]","(-0.001, 2.0]","(181.1, 7864.8]","(7.0, 3329.0]","(-0.001, 2083.75]"
Umbria Steakhouse & Roofdeck,5850.0,"(181.1, 7864.8]","(-0.001, 2083.75]","(7.0, 3329.0]","(181.1, 7864.8]","(7.0, 3329.0]","(-0.001, 2083.75]"
Umbria Steakhouse & Roofdeck,5850.0,"(181.1, 7864.8]","(-0.001, 2083.75]","(7.0, 3329.0]","(-0.001, 13.95]","(-0.001, 2.0]","(-0.001, 2083.75]"
Davio's Northern Italian Steakhouse,18000.0,"(13.95, 67.2]","(2083.75, 359000.0]","(-0.001, 2.0]","(13.95, 67.2]","(-0.001, 2.0]","(-0.001, 2083.75]"
Davio's Northern Italian Steakhouse,18000.0,"(13.95, 67.2]","(-0.001, 2083.75]","(-0.001, 2.0]","(13.95, 67.2]","(-0.001, 2.0]","(-0.001, 2083.75]"
Davio's Northern Italian Steakhouse,18000.0,"(13.95, 67.2]","(-0.001, 2083.75]","(-0.001, 2.0]","(67.2, 181.1]","(7.0, 3329.0]","(-0.001, 2083.75]"
Davio's Northern Italian Steakhouse,18000.0,"(67.2, 181.1]","(-0.001, 2083.75]","(7.0, 3329.0]","(13.95, 67.2]","(-0.001, 2.0]","(-0.001, 2083.75]"
Davio's Northern Italian Steakhouse,18000.0,"(13.95, 67.2]","(-0.001, 2083.75]","(-0.001, 2.0]","(13.95, 67.2]","(-0.001, 2.0]","(-0.001, 2083.75]"
MEX,5388.0,"(67.2, 181.1]","(2083.75, 359000.0]","(7.0, 3329.0]","(181.1, 7864.8]","(7.0, 3329.0]","(2083.75, 359000.0]"
MEX,5388.0,"(181.1, 7864.8]","(2083.75, 359000.0]","(7.0, 3329.0]","(181.1, 7864.8]","(2.0, 7.0]","(2083.75, 359000.0]"
MEX,5388.0,"(181.1, 7864.8]","(2083.75, 359000.0]","(2.0, 7.0]","(67.2, 181.1]","(-0.001, 2.0]","(2083.75, 359000.0]"
MEX,5388.0,"(67.2, 181.1]","(2083.75, 359000.0]","(-0.001, 2.0]","(181.1, 7864.8]","(7.0, 3329.0]","(-0.001, 2083.75]"
MEX,5388.0,"(181.1, 7864.8]","(-0.001, 2083.75]","(7.0, 3329.0]","(13.95, 67.2]","(-0.001, 2.0]","(-0.001, 2083.75]"
W Boston,19000.0,"(-0.001, 13.95]","(-0.001, 2083.75]","(-0.001, 2.0]","(181.1, 7864.8]","(7.0, 3329.0]","(2083.75, 359000.0]"
W Boston,19000.0,"(181.1, 7864.8]","(2083.75, 359000.0]","(7.0, 3329.0]","(67.2, 181.1]","(2.0, 7.0]","(2083.75, 359000.0]"
W Boston,19000.0,"(67.2, 181.1]","(2083.75, 359000.0]","(2.0, 7.0]","(67.2, 181.1]","(7.0, 3329.0]","(2083.75, 359000.0]"
W Boston,19000.0,"(67.2, 181.1]","(2083.75, 359000.0]","(7.0, 3329.0]","(181.1, 7864.8]","(7.0, 3329.0]","(2083.75, 359000.0]"
W Boston,19000.0,"(181.1, 7864.8]","(2083.75, 359000.0]","(7.0, 3329.0]","(13.95, 67.2]","(-0.001, 2.0]","(-0.001, 2083.75]"
Oath Pizza,9175.0,"(67.2, 181.1]","(-0.001, 2083.75]","(2.0, 7.0]","(67.2, 181.1]","(7.0, 3329.0]","(2083.75, 359000.0]"
Oath Pizza,9175.0,"(67.2, 181.1]","(2083.75, 359000.0]","(7.0, 3329.0]","(181.1, 7864.8]","(7.0, 3329.0]","(2083.75, 359000.0]"
Oath Pizza,9175.0,"(181.1, 7864.8]","(2083.75, 359000.0]","(7.0, 3329.0]","(181.1, 7864.8]","(7.0, 3329.0]","(2083.75, 359000.0]"
Oath Pizza,9175.0,"(181.1, 7864.8]","(2083.75, 359000.0]","(7.0, 3329.0]","(181.1, 7864.8]","(7.0, 3329.0]","(2083.75, 359000.0]"
Oath Pizza,9175.0,"(181.1, 7864.8]","(2083.75, 359000.0]","(7.0, 3329.0]","(-0.001, 13.95]","(-0.001, 2.0]","(-0.001, 2083.75]"
VESTER,9295.0,"(-0.001, 13.95]","(-0.001, 2083.75]","(-0.001, 2.0]","(-0.001, 13.95]","(-0.001, 2.0]","(-0.001, 2083.75]"
VESTER,9295.0,"(-0.001, 13.95]","(-0.001, 2083.75]","(-0.001, 2.0]","(-0.001, 13.95]","(-0.001, 2.0]","(-0.001, 2083.75]"
VESTER,9295.0,"(-0.001, 13.95]","(-0.001, 2083.75]","(-0.001, 2.0]","(-0.001, 13.95]","(-0.001, 2.0]","(-0.001, 2083.75]"
VESTER,9295.0,"(-0.001, 13.95]","(-0.001, 2083.75]","(-0.001, 2.0]","(-0.001, 13.95]","(-0.001, 2.0]","(-0.001, 2083.75]"
VESTER,9295.0,"(-0.001, 13.95]","(-0.001, 2083.75]","(-0.001, 2.0]","(-0.001, 13.95]","(-0.001, 2.0]","(-0.001, 2083.75]"
JOIA Ristorante & Lounge,7387.0,"(181.1, 7864.8]","(2083.75, 359000.0]","(7.0, 3329.0]","(181.1, 7864.8]","(2.0, 7.0]","(2083.75, 359000.0]"
JOIA Ristorante & Lounge,7387.0,"(181.1, 7864.8]","(2083.75, 359000.0]","(2.0, 7.0]","(181.1, 7864.8]","(7.0, 3329.0]","(2083.75, 359000.0]"
JOIA Ristorante & Lounge,7387.0,"(181.1, 7864.8]","(2083.75, 359000.0]","(7.0, 3329.0]","(181.1, 7864.8]","(7.0, 3329.0]","(2083.75, 359000.0]"
JOIA Ristorante & Lounge,7387.0,"(181.1, 7864.8]","(2083.75, 359000.0]","(7.0, 3329.0]","(181.1, 7864.8]","(7.0, 3329.0]","(2083.75, 359000.0]"
JOIA Ristorante & Lounge,7387.0,"(181.1, 7864.8]","(2083.75, 359000.0]","(7.0, 3329.0]","(67.2, 181.1]","(7.0, 3329.0]","(2083.75, 359000.0]"
Shiki Shabu Shabu,487.0,"(-0.001, 13.95]","(-0.001, 2083.75]","(-0.001, 2.0]","(13.95, 67.2]","(2.0, 7.0]","(-0.001, 2083.75]"
Shiki Shabu Shabu,487.0,"(13.95, 67.2]","(-0.001, 2083.75]","(2.0, 7.0]","(13.95, 67.2]","(2.0, 7.0]","(-0.001, 2083.75]"
Shiki Shabu Shabu,487.0,"(13.95, 67.2]","(-0.001, 2083.75]","(2.0, 7.0]","(13.95, 67.2]","(-0.001, 2.0]","(-0.001, 2083.75]"
Shiki Shabu Shabu,487.0,"(13.95, 67.2]","(-0.001, 2083.75]","(-0.001, 2.0]","(13.95, 67.2]","(-0.001, 2.0]","(-0.001, 2083.75]"
Shiki Shabu Shabu,487.0,"(13.95, 67.2]","(-0.001, 2083.75]","(-0.001, 2.0]","(13.95, 67.2]","(-0.001, 2.0]","(-0.001, 2083.75]"
JP Fuji Group,2508.0,"(67.2, 181.1]","(-0.001, 2083.75]","(2.0, 7.0]","(13.95, 67.2]","(-0.001, 2.0]","(2083.75, 359000.0]"
JP Fuji Group,2508.0,"(13.95, 67.2]","(2083.75, 359000.0]","(-0.001, 2.0]","(-0.001, 13.95]","(-0.001, 2.0]","(-0.001, 2083.75]"
JP Fuji Group,2508.0,"(-0.001, 13.95]","(-0.001, 2083.75]","(-0.001, 2.0]","(13.95, 67.2]","(-0.001, 2.0]","(-0.001, 2083.75]"
JP Fuji Group,2508.0,"(13.95, 67.2]","(-0.001, 2083.75]","(-0.001, 2.0]","(13.95, 67.2]","(-0.001, 2.0]","(-0.001, 2083.75]"
JP Fuji Group,2508.0,"(13.95, 67.2]","(-0.001, 2083.75]","(-0.001, 2.0]","(13.95, 67.2]","(-0.001, 2.0]","(2083.75, 359000.0]"
Empire Boston,12000.0,"(67.2, 181.1]","(2083.75, 359000.0]","(2.0, 7.0]","(67.2, 181.1]","(2.0, 7.0]","(-0.001, 2083.75]"
Empire Boston,12000.0,"(67.2, 181.1]","(-0.001, 2083.75]","(2.0, 7.0]","(67.2, 181.1]","(7.0, 3329.0]","(2083.75, 359000.0]"
Empire Boston,12000.0,"(67.2, 181.1]","(2083.75, 359000.0]","(7.0, 3329.0]","(13.95, 67.2]","(-0.001, 2.0]","(2083.75, 359000.0]"
Empire Boston,12000.0,"(13.95, 67.2]","(2083.75, 359000.0]","(-0.001, 2.0]","(13.95, 67.2]","(-0.001, 2.0]","(2083.75, 359000.0]"
Empire Boston,12000.0,"(13.95, 67.2]","(2083.75, 359000.0]","(-0.001, 2.0]","(67.2, 181.1]","(-0.001, 2.0]","(-0.001, 2083.75]"
Yoki Express,1122.0,"(-0.001, 13.95]","(-0.001, 2083.75]","(-0.001, 2.0]","(-0.001, 13.95]","(-0.001, 2.0]","(-0.001, 2083.75]"
Yoki Express,1122.0,"(-0.001, 13.95]","(-0.001, 2083.75]","(-0.001, 2.0]","(-0.001, 13.95]","(-0.001, 2.0]","(-0.001, 2083.75]"
Yoki Express,1122.0,"(-0.001, 13.95]","(-0.001, 2083.75]","(-0.001, 2.0]","(-0.001, 13.95]","(-0.001, 2.0]","(-0.001, 2083.75]"
Yoki Express,1122.0,"(-0.001, 13.95]","(-0.001, 2083.75]","(-0.001, 2.0]","(-0.001, 13.95]","(-0.001, 2.0]","(-0.001, 2083.75]"
Yoki Express,1122.0,"(-0.001, 13.95]","(-0.001, 2083.75]","(-0.001, 2.0]","(-0.001, 13.95]","(-0.001, 2.0]","(-0.001, 2083.75]"
Gopchang Story Boston,2120.0,"(67.2, 181.1]","(-0.001, 2083.75]","(2.0, 7.0]","(67.2, 181.1]","(7.0, 3329.0]","(2083.75, 359000.0]"
Gopchang Story Boston,2120.0,"(67.2, 181.1]","(2083.75, 359000.0]","(7.0, 3329.0]","(-0.001, 13.95]","(-0.001, 2.0]","(-0.001, 2083.75]"
Gopchang Story Boston,2120.0,"(-0.001, 13.95]","(-0.001, 2083.75]","(-0.001, 2.0]","(13.95, 67.2]","(2.0, 7.0]","(-0.001, 2083.75]"
Gopchang Story Boston,2120.0,"(13.95, 67.2]","(-0.001, 2083.75]","(2.0, 7.0]","(13.95, 67.2]","(-0.001, 2.0]","(-0.001, 2083.75]"
Gopchang Story Boston,2120.0,"(13.95, 67.2]","(-0.001, 2083.75]","(-0.001, 2.0]","(13.95, 67.2]","(-0.001, 2.0]","(-0.001, 2083.75]"
BAB,767.0,"(-0.001, 13.95]","(-0.001, 2083.75]","(-0.001, 2.0]","(-0.001, 13.95]","(-0.001, 2.0]","(-0.001, 2083.75]"
BAB,767.0,"(-0.001, 13.95]","(-0.001, 2083.75]","(-0.001, 2.0]","(-0.001, 13.95]","(-0.001, 2.0]","(-0.001, 2083.75]"
BAB,767.0,"(-0.001, 13.95]","(-0.001, 2083.75]","(-0.001, 2.0]","(-0.001, 13.95]","(-0.001, 2.0]","(-0.001, 2083.75]"
BAB,767.0,"(-0.001, 13.95]","(-0.001, 2083.75]","(-0.001, 2.0]","(-0.001, 13.95]","(-0.001, 2.0]","(-0.001, 2083.75]"
BAB,767.0,"(-0.001, 13.95]","(-0.001, 2083.75]","(-0.001, 2.0]","(-0.001, 13.95]","(-0.001, 2.0]","(-0.001, 2083.75]"
Myung Dong 1st Ave,31.0,"(-0.001, 13.95]","(-0.001, 2083.75]","(-0.001, 2.0]","(-0.001, 13.95]","(-0.001, 2.0]","(-0.001, 2083.75]"
Myung Dong 1st Ave,31.0,"(-0.001, 13.95]","(-0.001, 2083.75]","(-0.001, 2.0]","(-0.001, 13.95]","(-0.001, 2.0]","(-0.001, 2083.75]"
Myung Dong 1st Ave,31.0,"(-0.001, 13.95]","(-0.001, 2083.75]","(-0.001, 2.0]","(-0.001, 13.95]","(-0.001, 2.0]","(-0.001, 2083.75]"
Myung Dong 1st Ave,31.0,"(-0.001, 13.95]","(-0.001, 2083.75]","(-0.001, 2.0]","(-0.001, 13.95]","(-0.001, 2.0]","(-0.001, 2083.75]"
Myung Dong 1st Ave,31.0,"(-0.001, 13.95]","(-0.001, 2083.75]","(-0.001, 2.0]","(-0.001, 13.95]","(-0.001, 2.0]","(-0.001, 2083.75]"
WakuWaku Ramen & Sake,5865.0,"(67.2, 181.1]","(-0.001, 2083.75]","(7.0, 3329.0]","(67.2, 181.1]","(2.0, 7.0]","(2083.75, 359000.0]"
WakuWaku Ramen & Sake,5865.0,"(67.2, 181.1]","(2083.75, 359000.0]","(2.0, 7.0]","(181.1, 7864.8]","(7.0, 3329.0]","(2083.75, 359000.0]"
WakuWaku Ramen & Sake,5865.0,"(181.1, 7864.8]","(2083.75, 359000.0]","(7.0, 3329.0]","(181.1, 7864.8]","(7.0, 3329.0]","(2083.75, 359000.0]"
WakuWaku Ramen & Sake,5865.0,"(181.1, 7864.8]","(2083.75, 359000.0]","(7.0, 3329.0]","(67.2, 181.1]","(7.0, 3329.0]","(2083.75, 359000.0]"
WakuWaku Ramen & Sake,5865.0,"(67.2, 181.1]","(2083.75, 359000.0]","(7.0, 3329.0]","(67.2, 181.1]","(7.0, 3329.0]","(2083.75, 359000.0]"
Shojo Cambridge,1000.0,"(67.2, 181.1]","(-0.001, 2083.75]","(7.0, 3329.0]","(13.95, 67.2]","(-0.001, 2.0]","(-0.001, 2083.75]"
Shojo Cambridge,1000.0,"(13.95, 67.2]","(-0.001, 2083.75]","(-0.001, 2.0]","(181.1, 7864.8]","(7.0, 3329.0]","(2083.75, 359000.0]"
Shojo Cambridge,1000.0,"(181.1, 7864.8]","(2083.75, 359000.0]","(7.0, 3329.0]","(13.95, 67.2]","(-0.001, 2.0]","(-0.001, 2083.75]"
Shojo Cambridge,1000.0,"(13.95, 67.2]","(-0.001, 2083.75]","(-0.001, 2.0]","(-0.001, 13.95]","(-0.001, 2.0]","(-0.001, 2083.75]"
Shojo Cambridge,1000.0,"(-0.001, 13.95]","(-0.001, 2083.75]","(-0.001, 2.0]","(13.95, 67.2]","(-0.001, 2.0]","(-0.001, 2083.75]"
Shōjō Boston,8518.0,"(-0.001, 13.95]","(-0.001, 2083.75]","(-0.001, 2.0]","(67.2, 181.1]","(-0.001, 2.0]","(-0.001, 2083.75]"
Shōjō Boston,8518.0,"(67.2, 181.1]","(-0.001, 2083.75]","(-0.001, 2.0]","(13.95, 67.2]","(-0.001, 2.0]","(-0.001, 2083.75]"
Shōjō Boston,8518.0,"(13.95, 67.2]","(-0.001, 2083.75]","(-0.001, 2.0]","(13.95, 67.2]","(-0.001, 2.0]","(2083.75, 359000.0]"
Shōjō Boston,8518.0,"(13.95, 67.2]","(2083.75, 359000.0]","(-0.001, 2.0]","(13.95, 67.2]","(-0.001, 2.0]","(2083.75, 359000.0]"
Shōjō Boston,8518.0,"(13.95, 67.2]","(2083.75, 359000.0]","(-0.001, 2.0]","(13.95, 67.2]","(-0.001, 2.0]","(-0.001, 2083.75]"
Park 54 Restaurant & Lounge,5977.0,"(-0.001, 13.95]","(-0.001, 2083.75]","(-0.001, 2.0]","(-0.001, 13.95]","(-0.001, 2.0]","(-0.001, 2083.75]"
Park 54 Restaurant & Lounge,5977.0,"(-0.001, 13.95]","(-0.001, 2083.75]","(-0.001, 2.0]","(181.1, 7864.8]","(7.0, 3329.0]","(2083.75, 359000.0]"
Park 54 Restaurant & Lounge,5977.0,"(181.1, 7864.8]","(2083.75, 359000.0]","(7.0, 3329.0]","(67.2, 181.1]","(2.0, 7.0]","(2083.75, 359000.0]"
Park 54 Restaurant & Lounge,5977.0,"(67.2, 181.1]","(2083.75, 359000.0]","(2.0, 7.0]","(181.1, 7864.8]","(7.0, 3329.0]","(2083.75, 359000.0]"
Park 54 Restaurant & Lounge,5977.0,"(181.1, 7864.8]","(2083.75, 359000.0]","(7.0, 3329.0]","(-0.001, 13.95]","(-0.001, 2.0]","(-0.001, 2083.75]"
154 STATION Burgers and drinks,12000.0,"(-0.001, 13.95]","(-0.001, 2083.75]","(-0.001, 2.0]","(-0.001, 13.95]","(-0.001, 2.0]","(-0.001, 2083.75]"
154 STATION Burgers and drinks,12000.0,"(-0.001, 13.95]","(-0.001, 2083.75]","(-0.001, 2.0]","(13.95, 67.2]","(-0.001, 2.0]","(-0.001, 2083.75]"
154 STATION Burgers and drinks,12000.0,"(13.95, 67.2]","(-0.001, 2083.75]","(-0.001, 2.0]","(-0.001, 13.95]","(-0.001, 2.0]","(-0.001, 2083.75]"
154 STATION Burgers and drinks,12000.0,"(-0.001, 13.95]","(-0.001, 2083.75]","(-0.001, 2.0]","(-0.001, 13.95]","(-0.001, 2.0]","(-0.001, 2083.75]"
154 STATION Burgers and drinks,12000.0,"(-0.001, 13.95]","(-0.001, 2083.75]","(-0.001, 2.0]","(13.95, 67.2]","(2.0, 7.0]","(2083.75, 359000.0]"
Life Alive Organic Cafe,28000.0,"(181.1, 7864.8]","(2083.75, 359000.0]","(7.0, 3329.0]","(67.2, 181.1]","(7.0, 3329.0]","(2083.75, 359000.0]"
Life Alive Organic Cafe,28000.0,"(67.2, 181.1]","(2083.75, 359000.0]","(7.0, 3329.0]","(181.1, 7864.8]","(7.0, 3329.0]","(2083.75, 359000.0]"
Life Alive Organic Cafe,28000.0,"(181.1, 7864.8]","(2083.75, 359000.0]","(7.0, 3329.0]","(181.1, 7864.8]","(7.0, 3329.0]","(2083.75, 359000.0]"
Life Alive Organic Cafe,28000.0,"(181.1, 7864.8]","(2083.75, 359000.0]","(7.0, 3329.0]","(67.2, 181.1]","(7.0, 3329.0]","(2083.75, 359000.0]"
Life Alive Organic Cafe,28000.0,"(67.2, 181.1]","(2083.75, 359000.0]","(7.0, 3329.0]","(67.2, 181.1]","(7.0, 3329.0]","(2083.75, 359000.0]"
by Love Art,4140.0,"(13.95, 67.2]","(-0.001, 2083.75]","(7.0, 3329.0]","(13.95, 67.2]","(7.0, 3329.0]","(-0.001, 2083.75]"
by Love Art,4140.0,"(13.95, 67.2]","(-0.001, 2083.75]","(7.0, 3329.0]","(13.95, 67.2]","(2.0, 7.0]","(-0.001, 2083.75]"
by Love Art,4140.0,"(13.95, 67.2]","(-0.001, 2083.75]","(2.0, 7.0]","(-0.001, 13.95]","(-0.001, 2.0]","(-0.001, 2083.75]"
by Love Art,4140.0,"(-0.001, 13.95]","(-0.001, 2083.75]","(-0.001, 2.0]","(13.95, 67.2]","(-0.001, 2.0]","(-0.001, 2083.75]"
by Love Art,4140.0,"(13.95, 67.2]","(-0.001, 2083.75]","(-0.001, 2.0]","(-0.001, 13.95]","(-0.001, 2.0]","(-0.001, 2083.75]"
Novara Restaurant | Milton MA,8335.0,"(181.1, 7864.8]","(2083.75, 359000.0]","(7.0, 3329.0]","(181.1, 7864.8]","(2.0, 7.0]","(2083.75, 359000.0]"
Novara Restaurant | Milton MA,8335.0,"(181.1, 7864.8]","(2083.75, 359000.0]","(2.0, 7.0]","(67.2, 181.1]","(2.0, 7.0]","(-0.001, 2083.75]"
Novara Restaurant | Milton MA,8335.0,"(67.2, 181.1]","(-0.001, 2083.75]","(2.0, 7.0]","(67.2, 181.1]","(2.0, 7.0]","(-0.001, 2083.75]"
Novara Restaurant | Milton MA,8335.0,"(67.2, 181.1]","(-0.001, 2083.75]","(2.0, 7.0]","(67.2, 181.1]","(2.0, 7.0]","(-0.001, 2083.75]"
Novara Restaurant | Milton MA,8335.0,"(67.2, 181.1]","(-0.001, 2083.75]","(2.0, 7.0]","(67.2, 181.1]","(2.0, 7.0]","(-0.001, 2083.75]"
Abby Park | Milton Restaurant,2401.0,"(67.2, 181.1]","(-0.001, 2083.75]","(-0.001, 2.0]","(13.95, 67.2]","(-0.001, 2.0]","(-0.001, 2083.75]"
Abby Park | Milton Restaurant,2401.0,"(13.95, 67.2]","(-0.001, 2083.75]","(-0.001, 2.0]","(13.95, 67.2]","(-0.001, 2.0]","(-0.001, 2083.75]"
Abby Park | Milton Restaurant,2401.0,"(13.95, 67.2]","(-0.001, 2083.75]","(-0.001, 2.0]","(13.95, 67.2]","(-0.001, 2.0]","(-0.001, 2083.75]"
Abby Park | Milton Restaurant,2401.0,"(13.95, 67.2]","(-0.001, 2083.75]","(-0.001, 2.0]","(13.95, 67.2]","(-0.001, 2.0]","(-0.001, 2083.75]"
Abby Park | Milton Restaurant,2401.0,"(13.95, 67.2]","(-0.001, 2083.75]","(-0.001, 2.0]","(13.95, 67.2]","(-0.001, 2.0]","(-0.001, 2083.75]"
Dorchester Brewing Company,21000.0,"(67.2, 181.1]","(-0.001, 2083.75]","(-0.001, 2.0]","(67.2, 181.1]","(2.0, 7.0]","(-0.001, 2083.75]"
Dorchester Brewing Company,21000.0,"(67.2, 181.1]","(-0.001, 2083.75]","(2.0, 7.0]","(13.95, 67.2]","(-0.001, 2.0]","(-0.001, 2083.75]"
Dorchester Brewing Company,21000.0,"(13.95, 67.2]","(-0.001, 2083.75]","(-0.001, 2.0]","(13.95, 67.2]","(-0.001, 2.0]","(-0.001, 2083.75]"
Dorchester Brewing Company,21000.0,"(13.95, 67.2]","(-0.001, 2083.75]","(-0.001, 2.0]","(67.2, 181.1]","(2.0, 7.0]","(2083.75, 359000.0]"
Dorchester Brewing Company,21000.0,"(67.2, 181.1]","(2083.75, 359000.0]","(2.0, 7.0]","(13.95, 67.2]","(-0.001, 2.0]","(-0.001, 2083.75]"
M & M BBQ,4233.0,"(67.2, 181.1]","(-0.001, 2083.75]","(-0.001, 2.0]","(-0.001, 13.95]","(-0.001, 2.0]","(-0.001, 2083.75]"
M & M BBQ,4233.0,"(-0.001, 13.95]","(-0.001, 2083.75]","(-0.001, 2.0]","(-0.001, 13.95]","(-0.001, 2.0]","(-0.001, 2083.75]"
M & M BBQ,4233.0,"(-0.001, 13.95]","(-0.001, 2083.75]","(-0.001, 2.0]","(-0.001, 13.95]","(-0.001, 2.0]","(-0.001, 2083.75]"
M & M BBQ,4233.0,"(-0.001, 13.95]","(-0.001, 2083.75]","(-0.001, 2.0]","(-0.001, 13.95]","(-0.001, 2.0]","(-0.001, 2083.75]"
M & M BBQ,4233.0,"(-0.001, 13.95]","(-0.001, 2083.75]","(-0.001, 2.0]","(-0.001, 13.95]","(-0.001, 2.0]","(-0.001, 2083.75]"
Pazza on Porter,8116.0,"(67.2, 181.1]","(-0.001, 2083.75]","(-0.001, 2.0]","(13.95, 67.2]","(-0.001, 2.0]","(-0.001, 2083.75]"
Pazza on Porter,8116.0,"(13.95, 67.2]","(-0.001, 2083.75]","(-0.001, 2.0]","(67.2, 181.1]","(-0.001, 2.0]","(-0.001, 2083.75]"
Pazza on Porter,8116.0,"(67.2, 181.1]","(-0.001, 2083.75]","(-0.001, 2.0]","(13.95, 67.2]","(-0.001, 2.0]","(-0.001, 2083.75]"
Pazza on Porter,8116.0,"(13.95, 67.2]","(-0.001, 2083.75]","(-0.001, 2.0]","(13.95, 67.2]","(-0.001, 2.0]","(-0.001, 2083.75]"
Pazza on Porter,8116.0,"(13.95, 67.2]","(-0.001, 2083.75]","(-0.001, 2.0]","(13.95, 67.2]","(7.0, 3329.0]","(-0.001, 2083.75]"
Giulia,7629.0,"(-0.001, 13.95]","(-0.001, 2083.75]","(-0.001, 2.0]","(-0.001, 13.95]","(-0.001, 2.0]","(-0.001, 2083.75]"
Giulia,7629.0,"(-0.001, 13.95]","(-0.001, 2083.75]","(-0.001, 2.0]","(67.2, 181.1]","(2.0, 7.0]","(-0.001, 2083.75]"
Giulia,7629.0,"(67.2, 181.1]","(-0.001, 2083.75]","(2.0, 7.0]","(-0.001, 13.95]","(-0.001, 2.0]","(-0.001, 2083.75]"
Giulia,7629.0,"(-0.001, 13.95]","(-0.001, 2083.75]","(-0.001, 2.0]","(-0.001, 13.95]","(-0.001, 2.0]","(-0.001, 2083.75]"
Giulia,7629.0,"(-0.001, 13.95]","(-0.001, 2083.75]","(-0.001, 2.0]","(-0.001, 13.95]","(-0.001, 2.0]","(-0.001, 2083.75]"
loveartpoke,18.0,"(-0.001, 13.95]","(-0.001, 2083.75]","(-0.001, 2.0]","(-0.001, 13.95]","(-0.001, 2.0]","(-0.001, 2083.75]"
loveartpoke,18.0,"(-0.001, 13.95]","(-0.001, 2083.75]","(-0.001, 2.0]","(-0.001, 13.95]","(-0.001, 2.0]","(-0.001, 2083.75]"
loveartpoke,18.0,"(-0.001, 13.95]","(-0.001, 2083.75]","(-0.001, 2.0]","(-0.001, 13.95]","(-0.001, 2.0]","(-0.001, 2083.75]"
loveartpoke,18.0,"(-0.001, 13.95]","(-0.001, 2083.75]","(-0.001, 2.0]","(-0.001, 13.95]","(-0.001, 2.0]","(-0.001, 2083.75]"
loveartpoke,18.0,"(-0.001, 13.95]","(-0.001, 2083.75]","(-0.001, 2.0]","(-0.001, 13.95]","(-0.001, 2.0]","(-0.001, 2083.75]"
CHILACATES,64000.0,"(181.1, 7864.8]","(2083.75, 359000.0]","(7.0, 3329.0]","(13.95, 67.2]","(-0.001, 2.0]","(-0.001, 2083.75]"
CHILACATES,64000.0,"(13.95, 67.2]","(-0.001, 2083.75]","(-0.001, 2.0]","(67.2, 181.1]","(-0.001, 2.0]","(-0.001, 2083.75]"
CHILACATES,64000.0,"(67.2, 181.1]","(-0.001, 2083.75]","(-0.001, 2.0]","(67.2, 181.1]","(2.0, 7.0]","(2083.75, 359000.0]"
CHILACATES,64000.0,"(67.2, 181.1]","(2083.75, 359000.0]","(2.0, 7.0]","(13.95, 67.2]","(-0.001, 2.0]","(-0.001, 2083.75]"
CHILACATES,64000.0,"(13.95, 67.2]","(-0.001, 2083.75]","(-0.001, 2.0]","(13.95, 67.2]","(-0.001, 2.0]","(-0.001, 2083.75]"
Capo Restaurant,29000.0,"(181.1, 7864.8]","(2083.75, 359000.0]","(2.0, 7.0]","(181.1, 7864.8]","(2.0, 7.0]","(2083.75, 359000.0]"
Capo Restaurant,29000.0,"(181.1, 7864.8]","(2083.75, 359000.0]","(2.0, 7.0]","(181.1, 7864.8]","(2.0, 7.0]","(-0.001, 2083.75]"
Capo Restaurant,29000.0,"(181.1, 7864.8]","(-0.001, 2083.75]","(2.0, 7.0]","(181.1, 7864.8]","(2.0, 7.0]","(-0.001, 2083.75]"
Capo Restaurant,29000.0,"(181.1, 7864.8]","(-0.001, 2083.75]","(2.0, 7.0]","(181.1, 7864.8]","(2.0, 7.0]","(2083.75, 359000.0]"
Capo Restaurant,29000.0,"(181.1, 7864.8]","(2083.75, 359000.0]","(2.0, 7.0]","(181.1, 7864.8]","(2.0, 7.0]","(2083.75, 359000.0]"
Yakitori Totto Boston,,"(-0.001, 13.95]","(-0.001, 2083.75]","(-0.001, 2.0]","(-0.001, 13.95]","(-0.001, 2.0]","(-0.001, 2083.75]"
Yakitori Totto Boston,,"(-0.001, 13.95]","(-0.001, 2083.75]","(-0.001, 2.0]","(-0.001, 13.95]","(-0.001, 2.0]","(-0.001, 2083.75]"
Yakitori Totto Boston,,"(-0.001, 13.95]","(-0.001, 2083.75]","(-0.001, 2.0]","(-0.001, 13.95]","(-0.001, 2.0]","(-0.001, 2083.75]"
Yakitori Totto Boston,,"(-0.001, 13.95]","(-0.001, 2083.75]","(-0.001, 2.0]","(-0.001, 13.95]","(-0.001, 2.0]","(-0.001, 2083.75]"
Yakitori Totto Boston,,"(-0.001, 13.95]","(-0.001, 2083.75]","(-0.001, 2.0]","(-0.001, 13.95]","(-0.001, 2.0]","(-0.001, 2083.75]"
SweetCheeksQ,14000.0,"(13.95, 67.2]","(-0.001, 2083.75]","(-0.001, 2.0]","(13.95, 67.2]","(-0.001, 2.0]","(-0.001, 2083.75]"
SweetCheeksQ,14000.0,"(13.95, 67.2]","(-0.001, 2083.75]","(-0.001, 2.0]","(67.2, 181.1]","(2.0, 7.0]","(2083.75, 359000.0]"
SweetCheeksQ,14000.0,"(67.2, 181.1]","(2083.75, 359000.0]","(2.0, 7.0]","(67.2, 181.1]","(7.0, 3329.0]","(2083.75, 359000.0]"
SweetCheeksQ,14000.0,"(67.2, 181.1]","(2083.75, 359000.0]","(7.0, 3329.0]","(67.2, 181.1]","(2.0, 7.0]","(2083.75, 359000.0]"
SweetCheeksQ,14000.0,"(67.2, 181.1]","(2083.75, 359000.0]","(2.0, 7.0]","(13.95, 67.2]","(-0.001, 2.0]","(-0.001, 2083.75]"
Ebi Sushi,3325.0,"(13.95, 67.2]","(-0.001, 2083.75]","(-0.001, 2.0]","(13.95, 67.2]","(2.0, 7.0]","(-0.001, 2083.75]"
Ebi Sushi,3325.0,"(13.95, 67.2]","(-0.001, 2083.75]","(2.0, 7.0]","(13.95, 67.2]","(-0.001, 2.0]","(-0.001, 2083.75]"
Ebi Sushi,3325.0,"(13.95, 67.2]","(-0.001, 2083.75]","(-0.001, 2.0]","(13.95, 67.2]","(-0.001, 2.0]","(-0.001, 2083.75]"
Ebi Sushi,3325.0,"(13.95, 67.2]","(-0.001, 2083.75]","(-0.001, 2.0]","(13.95, 67.2]","(2.0, 7.0]","(-0.001, 2083.75]"
Ebi Sushi,3325.0,"(13.95, 67.2]","(-0.001, 2083.75]","(2.0, 7.0]","(13.95, 67.2]","(-0.001, 2.0]","(-0.001, 2083.75]"
North Coast Seafoods,4741.0,"(-0.001, 13.95]","(-0.001, 2083.75]","(-0.001, 2.0]","(181.1, 7864.8]","(7.0, 3329.0]","(-0.001, 2083.75]"
North Coast Seafoods,4741.0,"(181.1, 7864.8]","(-0.001, 2083.75]","(7.0, 3329.0]","(67.2, 181.1]","(7.0, 3329.0]","(2083.75, 359000.0]"
North Coast Seafoods,4741.0,"(67.2, 181.1]","(2083.75, 359000.0]","(7.0, 3329.0]","(-0.001, 13.95]","(-0.001, 2.0]","(-0.001, 2083.75]"
North Coast Seafoods,4741.0,"(-0.001, 13.95]","(-0.001, 2083.75]","(-0.001, 2.0]","(67.2, 181.1]","(2.0, 7.0]","(-0.001, 2083.75]"
North Coast Seafoods,4741.0,"(67.2, 181.1]","(-0.001, 2083.75]","(2.0, 7.0]","(-0.001, 13.95]","(-0.001, 2.0]","(-0.001, 2083.75]"
Blackbird Doughnuts,67000.0,"(181.1, 7864.8]","(2083.75, 359000.0]","(7.0, 3329.0]","(181.1, 7864.8]","(7.0, 3329.0]","(2083.75, 359000.0]"
Blackbird Doughnuts,67000.0,"(181.1, 7864.8]","(2083.75, 359000.0]","(7.0, 3329.0]","(181.1, 7864.8]","(7.0, 3329.0]","(-0.001, 2083.75]"
Blackbird Doughnuts,67000.0,"(181.1, 7864.8]","(-0.001, 2083.75]","(7.0, 3329.0]","(181.1, 7864.8]","(7.0, 3329.0]","(2083.75, 359000.0]"
Blackbird Doughnuts,67000.0,"(181.1, 7864.8]","(2083.75, 359000.0]","(7.0, 3329.0]","(181.1, 7864.8]","(2.0, 7.0]","(2083.75, 359000.0]"
Blackbird Doughnuts,67000.0,"(181.1, 7864.8]","(2083.75, 359000.0]","(2.0, 7.0]","(181.1, 7864.8]","(2.0, 7.0]","(2083.75, 359000.0]"
Laughing Monk Cafe l Omakase & Tasting Box Togo,2263.0,"(67.2, 181.1]","(-0.001, 2083.75]","(2.0, 7.0]","(181.1, 7864.8]","(7.0, 3329.0]","(2083.75, 359000.0]"
Laughing Monk Cafe l Omakase & Tasting Box Togo,2263.0,"(181.1, 7864.8]","(2083.75, 359000.0]","(7.0, 3329.0]","(13.95, 67.2]","(-0.001, 2.0]","(2083.75, 359000.0]"
Laughing Monk Cafe l Omakase & Tasting Box Togo,2263.0,"(13.95, 67.2]","(2083.75, 359000.0]","(-0.001, 2.0]","(67.2, 181.1]","(2.0, 7.0]","(2083.75, 359000.0]"
Laughing Monk Cafe l Omakase & Tasting Box Togo,2263.0,"(67.2, 181.1]","(2083.75, 359000.0]","(2.0, 7.0]","(13.95, 67.2]","(-0.001, 2.0]","(2083.75, 359000.0]"
Laughing Monk Cafe l Omakase & Tasting Box Togo,2263.0,"(13.95, 67.2]","(2083.75, 359000.0]","(-0.001, 2.0]","(67.2, 181.1]","(-0.001, 2.0]","(-0.001, 2083.75]"
Banyan Bar + Refuge,11000.0,"(67.2, 181.1]","(-0.001, 2083.75]","(2.0, 7.0]","(13.95, 67.2]","(-0.001, 2.0]","(2083.75, 359000.0]"
Banyan Bar + Refuge,11000.0,"(13.95, 67.2]","(2083.75, 359000.0]","(-0.001, 2.0]","(67.2, 181.1]","(-0.001, 2.0]","(-0.001, 2083.75]"
Banyan Bar + Refuge,11000.0,"(67.2, 181.1]","(-0.001, 2083.75]","(-0.001, 2.0]","(181.1, 7864.8]","(2.0, 7.0]","(2083.75, 359000.0]"
Banyan Bar + Refuge,11000.0,"(181.1, 7864.8]","(2083.75, 359000.0]","(2.0, 7.0]","(67.2, 181.1]","(7.0, 3329.0]","(-0.001, 2083.75]"
Banyan Bar + Refuge,11000.0,"(67.2, 181.1]","(-0.001, 2083.75]","(7.0, 3329.0]","(13.95, 67.2]","(-0.001, 2.0]","(-0.001, 2083.75]"
April 23 Cafe,1109.0,"(-0.001, 13.95]","(-0.001, 2083.75]","(-0.001, 2.0]","(-0.001, 13.95]","(-0.001, 2.0]","(-0.001, 2083.75]"
April 23 Cafe,1109.0,"(-0.001, 13.95]","(-0.001, 2083.75]","(-0.001, 2.0]","(-0.001, 13.95]","(-0.001, 2.0]","(-0.001, 2083.75]"
April 23 Cafe,1109.0,"(-0.001, 13.95]","(-0.001, 2083.75]","(-0.001, 2.0]","(-0.001, 13.95]","(-0.001, 2.0]","(-0.001, 2083.75]"
April 23 Cafe,1109.0,"(-0.001, 13.95]","(-0.001, 2083.75]","(-0.001, 2.0]","(-0.001, 13.95]","(-0.001, 2.0]","(-0.001, 2083.75]"
April 23 Cafe,1109.0,"(-0.001, 13.95]","(-0.001, 2083.75]","(-0.001, 2.0]","(-0.001, 13.95]","(-0.001, 2.0]","(-0.001, 2083.75]"
Umami Omakase,3093.0,"(67.2, 181.1]","(-0.001, 2083.75]","(-0.001, 2.0]","(-0.001, 13.95]","(-0.001, 2.0]","(-0.001, 2083.75]"
Umami Omakase,3093.0,"(-0.001, 13.95]","(-0.001, 2083.75]","(-0.001, 2.0]","(-0.001, 13.95]","(-0.001, 2.0]","(-0.001, 2083.75]"
Umami Omakase,3093.0,"(-0.001, 13.95]","(-0.001, 2083.75]","(-0.001, 2.0]","(-0.001, 13.95]","(-0.001, 2.0]","(-0.001, 2083.75]"
Umami Omakase,3093.0,"(-0.001, 13.95]","(-0.001, 2083.75]","(-0.001, 2.0]","(67.2, 181.1]","(2.0, 7.0]","(-0.001, 2083.75]"
Umami Omakase,3093.0,"(67.2, 181.1]","(-0.001, 2083.75]","(2.0, 7.0]","(181.1, 7864.8]","(7.0, 3329.0]","(-0.001, 2083.75]"
Kavaneo Taverana,7989.0,"(67.2, 181.1]","(-0.001, 2083.75]","(-0.001, 2.0]","(67.2, 181.1]","(-0.001, 2.0]","(-0.001, 2083.75]"
Kavaneo Taverana,7989.0,"(67.2, 181.1]","(-0.001, 2083.75]","(-0.001, 2.0]","(67.2, 181.1]","(2.0, 7.0]","(-0.001, 2083.75]"
Kavaneo Taverana,7989.0,"(67.2, 181.1]","(-0.001, 2083.75]","(2.0, 7.0]","(13.95, 67.2]","(2.0, 7.0]","(-0.001, 2083.75]"
Kavaneo Taverana,7989.0,"(13.95, 67.2]","(-0.001, 2083.75]","(2.0, 7.0]","(67.2, 181.1]","(2.0, 7.0]","(-0.001, 2083.75]"
Kavaneo Taverana,7989.0,"(67.2, 181.1]","(-0.001, 2083.75]","(2.0, 7.0]","(-0.001, 13.95]","(-0.001, 2.0]","(-0.001, 2083.75]"
Tiger Sugar,468000.0,"(181.1, 7864.8]","(-0.001, 2083.75]","(7.0, 3329.0]","(181.1, 7864.8]","(2.0, 7.0]","(-0.001, 2083.75]"
Tiger Sugar,468000.0,"(181.1, 7864.8]","(-0.001, 2083.75]","(2.0, 7.0]","(181.1, 7864.8]","(7.0, 3329.0]","(-0.001, 2083.75]"
Tiger Sugar,468000.0,"(181.1, 7864.8]","(-0.001, 2083.75]","(7.0, 3329.0]","(181.1, 7864.8]","(7.0, 3329.0]","(-0.001, 2083.75]"
Tiger Sugar,468000.0,"(181.1, 7864.8]","(-0.001, 2083.75]","(7.0, 3329.0]","(181.1, 7864.8]","(7.0, 3329.0]","(-0.001, 2083.75]"
Tiger Sugar,468000.0,"(181.1, 7864.8]","(-0.001, 2083.75]","(7.0, 3329.0]","(181.1, 7864.8]","(7.0, 3329.0]","(-0.001, 2083.75]"
Mooo Seaport,4446.0,"(67.2, 181.1]","(-0.001, 2083.75]","(2.0, 7.0]","(13.95, 67.2]","(-0.001, 2.0]","(-0.001, 2083.75]"
Mooo Seaport,4446.0,"(13.95, 67.2]","(-0.001, 2083.75]","(-0.001, 2.0]","(13.95, 67.2]","(-0.001, 2.0]","(-0.001, 2083.75]"
Mooo Seaport,4446.0,"(13.95, 67.2]","(-0.001, 2083.75]","(-0.001, 2.0]","(13.95, 67.2]","(-0.001, 2.0]","(-0.001, 2083.75]"
Mooo Seaport,4446.0,"(13.95, 67.2]","(-0.001, 2083.75]","(-0.001, 2.0]","(13.95, 67.2]","(-0.001, 2.0]","(-0.001, 2083.75]"
Mooo Seaport,4446.0,"(13.95, 67.2]","(-0.001, 2083.75]","(-0.001, 2.0]","(13.95, 67.2]","(-0.001, 2.0]","(-0.001, 2083.75]"
Uni Boston,18000.0,"(67.2, 181.1]","(-0.001, 2083.75]","(-0.001, 2.0]","(67.2, 181.1]","(-0.001, 2.0]","(-0.001, 2083.75]"
Uni Boston,18000.0,"(67.2, 181.1]","(-0.001, 2083.75]","(-0.001, 2.0]","(67.2, 181.1]","(-0.001, 2.0]","(-0.001, 2083.75]"
Uni Boston,18000.0,"(67.2, 181.1]","(-0.001, 2083.75]","(-0.001, 2.0]","(67.2, 181.1]","(-0.001, 2.0]","(-0.001, 2083.75]"
Uni Boston,18000.0,"(67.2, 181.1]","(-0.001, 2083.75]","(-0.001, 2.0]","(13.95, 67.2]","(-0.001, 2.0]","(-0.001, 2083.75]"
Uni Boston,18000.0,"(13.95, 67.2]","(-0.001, 2083.75]","(-0.001, 2.0]","(181.1, 7864.8]","(-0.001, 2.0]","(-0.001, 2083.75]"
Bartaco,114000.0,"(181.1, 7864.8]","(-0.001, 2083.75]","(7.0, 3329.0]","(181.1, 7864.8]","(7.0, 3329.0]","(-0.001, 2083.75]"
Bartaco,114000.0,"(181.1, 7864.8]","(-0.001, 2083.75]","(7.0, 3329.0]","(181.1, 7864.8]","(7.0, 3329.0]","(-0.001, 2083.75]"
Bartaco,114000.0,"(181.1, 7864.8]","(-0.001, 2083.75]","(7.0, 3329.0]","(181.1, 7864.8]","(7.0, 3329.0]","(-0.001, 2083.75]"
Bartaco,114000.0,"(181.1, 7864.8]","(-0.001, 2083.75]","(7.0, 3329.0]","(181.1, 7864.8]","(7.0, 3329.0]","(-0.001, 2083.75]"
Bartaco,114000.0,"(181.1, 7864.8]","(-0.001, 2083.75]","(7.0, 3329.0]","(181.1, 7864.8]","(7.0, 3329.0]","(-0.001, 2083.75]"
Tsurutontan East,10200.0,"(67.2, 181.1]","(-0.001, 2083.75]","(2.0, 7.0]","(13.95, 67.2]","(2.0, 7.0]","(-0.001, 2083.75]"
Tsurutontan East,10200.0,"(13.95, 67.2]","(-0.001, 2083.75]","(2.0, 7.0]","(13.95, 67.2]","(-0.001, 2.0]","(-0.001, 2083.75]"
Tsurutontan East,10200.0,"(13.95, 67.2]","(-0.001, 2083.75]","(-0.001, 2.0]","(13.95, 67.2]","(2.0, 7.0]","(-0.001, 2083.75]"
Tsurutontan East,10200.0,"(13.95, 67.2]","(-0.001, 2083.75]","(2.0, 7.0]","(67.2, 181.1]","(2.0, 7.0]","(-0.001, 2083.75]"
Tsurutontan East,10200.0,"(67.2, 181.1]","(-0.001, 2083.75]","(2.0, 7.0]","(13.95, 67.2]","(2.0, 7.0]","(-0.001, 2083.75]"
The Daily Catch,23400.0,"(181.1, 7864.8]","(-0.001, 2083.75]","(7.0, 3329.0]","(181.1, 7864.8]","(7.0, 3329.0]","(-0.001, 2083.75]"
The Daily Catch,23400.0,"(181.1, 7864.8]","(-0.001, 2083.75]","(7.0, 3329.0]","(-0.001, 13.95]","(-0.001, 2.0]","(-0.001, 2083.75]"
The Daily Catch,23400.0,"(-0.001, 13.95]","(-0.001, 2083.75]","(-0.001, 2.0]","(181.1, 7864.8]","(7.0, 3329.0]","(-0.001, 2083.75]"
The Daily Catch,23400.0,"(181.1, 7864.8]","(-0.001, 2083.75]","(7.0, 3329.0]","(181.1, 7864.8]","(2.0, 7.0]","(-0.001, 2083.75]"
The Daily Catch,23400.0,"(181.1, 7864.8]","(-0.001, 2083.75]","(2.0, 7.0]","(181.1, 7864.8]","(2.0, 7.0]","(-0.001, 2083.75]"
Sugar & Spice ,3795.0,"(13.95, 67.2]","(-0.001, 2083.75]","(-0.001, 2.0]","(13.95, 67.2]","(2.0, 7.0]","(-0.001, 2083.75]"
Sugar & Spice ,3795.0,"(13.95, 67.2]","(-0.001, 2083.75]","(2.0, 7.0]","(-0.001, 13.95]","(-0.001, 2.0]","(-0.001, 2083.75]"
Sugar & Spice ,3795.0,"(-0.001, 13.95]","(-0.001, 2083.75]","(-0.001, 2.0]","(-0.001, 13.95]","(-0.001, 2.0]","(-0.001, 2083.75]"
Sugar & Spice ,3795.0,"(-0.001, 13.95]","(-0.001, 2083.75]","(-0.001, 2.0]","(67.2, 181.1]","(2.0, 7.0]","(-0.001, 2083.75]"
Sugar & Spice ,3795.0,"(67.2, 181.1]","(-0.001, 2083.75]","(2.0, 7.0]","(13.95, 67.2]","(2.0, 7.0]","(-0.001, 2083.75]"
Saloniki Greek,6339.0,"(13.95, 67.2]","(-0.001, 2083.75]","(-0.001, 2.0]","(13.95, 67.2]","(-0.001, 2.0]","(-0.001, 2083.75]"
Saloniki Greek,6339.0,"(13.95, 67.2]","(-0.001, 2083.75]","(-0.001, 2.0]","(13.95, 67.2]","(-0.001, 2.0]","(-0.001, 2083.75]"
Saloniki Greek,6339.0,"(13.95, 67.2]","(-0.001, 2083.75]","(-0.001, 2.0]","(13.95, 67.2]","(2.0, 7.0]","(-0.001, 2083.75]"
Saloniki Greek,6339.0,"(13.95, 67.2]","(-0.001, 2083.75]","(2.0, 7.0]","(13.95, 67.2]","(2.0, 7.0]","(-0.001, 2083.75]"
Saloniki Greek,6339.0,"(13.95, 67.2]","(-0.001, 2083.75]","(2.0, 7.0]","(13.95, 67.2]","(-0.001, 2.0]","(-0.001, 2083.75]"
Red Lentil watertown,2754.0,"(13.95, 67.2]","(-0.001, 2083.75]","(-0.001, 2.0]","(-0.001, 13.95]","(-0.001, 2.0]","(-0.001, 2083.75]"
Red Lentil watertown,2754.0,"(-0.001, 13.95]","(-0.001, 2083.75]","(-0.001, 2.0]","(13.95, 67.2]","(-0.001, 2.0]","(-0.001, 2083.75]"
Red Lentil watertown,2754.0,"(13.95, 67.2]","(-0.001, 2083.75]","(-0.001, 2.0]","(13.95, 67.2]","(-0.001, 2.0]","(-0.001, 2083.75]"
Red Lentil watertown,2754.0,"(13.95, 67.2]","(-0.001, 2083.75]","(-0.001, 2.0]","(-0.001, 13.95]","(-0.001, 2.0]","(-0.001, 2083.75]"
Red Lentil watertown,2754.0,"(-0.001, 13.95]","(-0.001, 2083.75]","(-0.001, 2.0]","(-0.001, 13.95]","(-0.001, 2.0]","(-0.001, 2083.75]"
PURO ceviche bar,4954.0,"(-0.001, 13.95]","(-0.001, 2083.75]","(-0.001, 2.0]","(-0.001, 13.95]","(7.0, 3329.0]","(-0.001, 2083.75]"
PURO ceviche bar,4954.0,"(-0.001, 13.95]","(-0.001, 2083.75]","(7.0, 3329.0]","(181.1, 7864.8]","(7.0, 3329.0]","(-0.001, 2083.75]"
PURO ceviche bar,4954.0,"(181.1, 7864.8]","(-0.001, 2083.75]","(7.0, 3329.0]","(-0.001, 13.95]","(2.0, 7.0]","(-0.001, 2083.75]"
PURO ceviche bar,4954.0,"(-0.001, 13.95]","(-0.001, 2083.75]","(2.0, 7.0]","(13.95, 67.2]","(-0.001, 2.0]","(-0.001, 2083.75]"
PURO ceviche bar,4954.0,"(13.95, 67.2]","(-0.001, 2083.75]","(-0.001, 2.0]","(-0.001, 13.95]","(-0.001, 2.0]","(-0.001, 2083.75]"
Parla,6615.0,"(13.95, 67.2]","(-0.001, 2083.75]","(-0.001, 2.0]","(-0.001, 13.95]","(-0.001, 2.0]","(-0.001, 2083.75]"
Parla,6615.0,"(-0.001, 13.95]","(-0.001, 2083.75]","(-0.001, 2.0]","(-0.001, 13.95]","(-0.001, 2.0]","(-0.001, 2083.75]"
Parla,6615.0,"(-0.001, 13.95]","(-0.001, 2083.75]","(-0.001, 2.0]","(-0.001, 13.95]","(-0.001, 2.0]","(-0.001, 2083.75]"
Parla,6615.0,"(-0.001, 13.95]","(-0.001, 2083.75]","(-0.001, 2.0]","(-0.001, 13.95]","(-0.001, 2.0]","(-0.001, 2083.75]"
Parla,6615.0,"(-0.001, 13.95]","(-0.001, 2083.75]","(-0.001, 2.0]","(-0.001, 13.95]","(-0.001, 2.0]","(-0.001, 2083.75]"
Temazcal Tequila Cantina,4630.0,"(13.95, 67.2]","(-0.001, 2083.75]","(-0.001, 2.0]","(-0.001, 13.95]","(-0.001, 2.0]","(-0.001, 2083.75]"
Temazcal Tequila Cantina,4630.0,"(-0.001, 13.95]","(-0.001, 2083.75]","(-0.001, 2.0]","(-0.001, 13.95]","(-0.001, 2.0]","(-0.001, 2083.75]"
Temazcal Tequila Cantina,4630.0,"(-0.001, 13.95]","(-0.001, 2083.75]","(-0.001, 2.0]","(-0.001, 13.95]","(-0.001, 2.0]","(-0.001, 2083.75]"
Temazcal Tequila Cantina,4630.0,"(-0.001, 13.95]","(-0.001, 2083.75]","(-0.001, 2.0]","(-0.001, 13.95]","(-0.001, 2.0]","(-0.001, 2083.75]"
Temazcal Tequila Cantina,4630.0,"(-0.001, 13.95]","(-0.001, 2083.75]","(-0.001, 2.0]","(-0.001, 13.95]","(-0.001, 2.0]","(-0.001, 2083.75]"
Citrus & Salt,30800.0,"(181.1, 7864.8]","(-0.001, 2083.75]","(7.0, 3329.0]","(181.1, 7864.8]","(2.0, 7.0]","(-0.001, 2083.75]"
Citrus & Salt,30800.0,"(181.1, 7864.8]","(-0.001, 2083.75]","(2.0, 7.0]","(181.1, 7864.8]","(7.0, 3329.0]","(-0.001, 2083.75]"
Citrus & Salt,30800.0,"(181.1, 7864.8]","(-0.001, 2083.75]","(7.0, 3329.0]","(181.1, 7864.8]","(7.0, 3329.0]","(-0.001, 2083.75]"
Citrus & Salt,30800.0,"(181.1, 7864.8]","(-0.001, 2083.75]","(7.0, 3329.0]","(181.1, 7864.8]","(2.0, 7.0]","(-0.001, 2083.75]"
Citrus & Salt,30800.0,"(181.1, 7864.8]","(-0.001, 2083.75]","(2.0, 7.0]","(181.1, 7864.8]","(7.0, 3329.0]","(-0.001, 2083.75]"
La Colombe Coffee Roasters,193000.0,"(181.1, 7864.8]","(-0.001, 2083.75]","(7.0, 3329.0]","(181.1, 7864.8]","(7.0, 3329.0]","(-0.001, 2083.75]"
La Colombe Coffee Roasters,193000.0,"(181.1, 7864.8]","(-0.001, 2083.75]","(7.0, 3329.0]","(181.1, 7864.8]","(7.0, 3329.0]","(-0.001, 2083.75]"
La Colombe Coffee Roasters,193000.0,"(181.1, 7864.8]","(-0.001, 2083.75]","(7.0, 3329.0]","(181.1, 7864.8]","(7.0, 3329.0]","(-0.001, 2083.75]"
La Colombe Coffee Roasters,193000.0,"(181.1, 7864.8]","(-0.001, 2083.75]","(7.0, 3329.0]","(181.1, 7864.8]","(7.0, 3329.0]","(-0.001, 2083.75]"
La Colombe Coffee Roasters,193000.0,"(181.1, 7864.8]","(-0.001, 2083.75]","(7.0, 3329.0]","(181.1, 7864.8]","(7.0, 3329.0]","(-0.001, 2083.75]"
Ruckus,1860.0,"(-0.001, 13.95]","(-0.001, 2083.75]","(-0.001, 2.0]","(-0.001, 13.95]","(-0.001, 2.0]","(-0.001, 2083.75]"
Ruckus,1860.0,"(-0.001, 13.95]","(-0.001, 2083.75]","(-0.001, 2.0]","(13.95, 67.2]","(2.0, 7.0]","(-0.001, 2083.75]"
Ruckus,1860.0,"(13.95, 67.2]","(-0.001, 2083.75]","(2.0, 7.0]","(-0.001, 13.95]","(-0.001, 2.0]","(-0.001, 2083.75]"
Ruckus,1860.0,"(-0.001, 13.95]","(-0.001, 2083.75]","(-0.001, 2.0]","(13.95, 67.2]","(-0.001, 2.0]","(-0.001, 2083.75]"
Ruckus,1860.0,"(13.95, 67.2]","(-0.001, 2083.75]","(-0.001, 2.0]","(13.95, 67.2]","(-0.001, 2.0]","(-0.001, 2083.75]"
Area Four,20500.0,"(67.2, 181.1]","(-0.001, 2083.75]","(7.0, 3329.0]","(67.2, 181.1]","(7.0, 3329.0]","(-0.001, 2083.75]"
Area Four,20500.0,"(67.2, 181.1]","(-0.001, 2083.75]","(7.0, 3329.0]","(13.95, 67.2]","(-0.001, 2.0]","(-0.001, 2083.75]"
Area Four,20500.0,"(13.95, 67.2]","(-0.001, 2083.75]","(-0.001, 2.0]","(13.95, 67.2]","(7.0, 3329.0]","(-0.001, 2083.75]"
Area Four,20500.0,"(13.95, 67.2]","(-0.001, 2083.75]","(7.0, 3329.0]","(13.95, 67.2]","(-0.001, 2.0]","(-0.001, 2083.75]"
Area Four,20500.0,"(13.95, 67.2]","(-0.001, 2083.75]","(-0.001, 2.0]","(67.2, 181.1]","(7.0, 3329.0]","(-0.001, 2083.75]"
Toro Boston,39000.0,"(181.1, 7864.8]","(-0.001, 2083.75]","(7.0, 3329.0]","(181.1, 7864.8]","(2.0, 7.0]","(-0.001, 2083.75]"
Toro Boston,39000.0,"(181.1, 7864.8]","(-0.001, 2083.75]","(2.0, 7.0]","(181.1, 7864.8]","(7.0, 3329.0]","(-0.001, 2083.75]"
Toro Boston,39000.0,"(181.1, 7864.8]","(-0.001, 2083.75]","(7.0, 3329.0]","(181.1, 7864.8]","(2.0, 7.0]","(-0.001, 2083.75]"
Toro Boston,39000.0,"(181.1, 7864.8]","(-0.001, 2083.75]","(2.0, 7.0]","(181.1, 7864.8]","(7.0, 3329.0]","(-0.001, 2083.75]"
Toro Boston,39000.0,"(181.1, 7864.8]","(-0.001, 2083.75]","(7.0, 3329.0]","(181.1, 7864.8]","(7.0, 3329.0]","(-0.001, 2083.75]"
George Howell Coffee,27200.0,"(67.2, 181.1]","(-0.001, 2083.75]","(-0.001, 2.0]","(67.2, 181.1]","(2.0, 7.0]","(-0.001, 2083.75]"
George Howell Coffee,27200.0,"(67.2, 181.1]","(-0.001, 2083.75]","(2.0, 7.0]","(67.2, 181.1]","(2.0, 7.0]","(-0.001, 2083.75]"
George Howell Coffee,27200.0,"(67.2, 181.1]","(-0.001, 2083.75]","(2.0, 7.0]","(181.1, 7864.8]","(2.0, 7.0]","(-0.001, 2083.75]"
George Howell Coffee,27200.0,"(181.1, 7864.8]","(-0.001, 2083.75]","(2.0, 7.0]","(67.2, 181.1]","(-0.001, 2.0]","(-0.001, 2083.75]"
George Howell Coffee,27200.0,"(67.2, 181.1]","(-0.001, 2083.75]","(-0.001, 2.0]","(67.2, 181.1]","(-0.001, 2.0]","(-0.001, 2083.75]"
Bar Mezzana,13100.0,"(67.2, 181.1]","(-0.001, 2083.75]","(2.0, 7.0]","(67.2, 181.1]","(2.0, 7.0]","(-0.001, 2083.75]"
Bar Mezzana,13100.0,"(67.2, 181.1]","(-0.001, 2083.75]","(2.0, 7.0]","(67.2, 181.1]","(2.0, 7.0]","(-0.001, 2083.75]"
Bar Mezzana,13100.0,"(67.2, 181.1]","(-0.001, 2083.75]","(2.0, 7.0]","(67.2, 181.1]","(2.0, 7.0]","(-0.001, 2083.75]"
Bar Mezzana,13100.0,"(67.2, 181.1]","(-0.001, 2083.75]","(2.0, 7.0]","(67.2, 181.1]","(2.0, 7.0]","(-0.001, 2083.75]"
Bar Mezzana,13100.0,"(67.2, 181.1]","(-0.001, 2083.75]","(2.0, 7.0]","(67.2, 181.1]","(2.0, 7.0]","(-0.001, 2083.75]"
Ink Block Boston,6448.0,"(13.95, 67.2]","(-0.001, 2083.75]","(-0.001, 2.0]","(67.2, 181.1]","(7.0, 3329.0]","(-0.001, 2083.75]"
Ink Block Boston,6448.0,"(67.2, 181.1]","(-0.001, 2083.75]","(7.0, 3329.0]","(13.95, 67.2]","(-0.001, 2.0]","(-0.001, 2083.75]"
Ink Block Boston,6448.0,"(13.95, 67.2]","(-0.001, 2083.75]","(-0.001, 2.0]","(-0.001, 13.95]","(-0.001, 2.0]","(-0.001, 2083.75]"
Ink Block Boston,6448.0,"(-0.001, 13.95]","(-0.001, 2083.75]","(-0.001, 2.0]","(13.95, 67.2]","(-0.001, 2.0]","(-0.001, 2083.75]"
Ink Block Boston,6448.0,"(13.95, 67.2]","(-0.001, 2083.75]","(-0.001, 2.0]","(-0.001, 13.95]","(-0.001, 2.0]","(-0.001, 2083.75]"
Oishii Boston,5469.0,"(-0.001, 13.95]","(-0.001, 2083.75]","(-0.001, 2.0]","(-0.001, 13.95]","(-0.001, 2.0]","(-0.001, 2083.75]"
Oishii Boston,5469.0,"(-0.001, 13.95]","(-0.001, 2083.75]","(-0.001, 2.0]","(-0.001, 13.95]","(-0.001, 2.0]","(-0.001, 2083.75]"
Oishii Boston,5469.0,"(-0.001, 13.95]","(-0.001, 2083.75]","(-0.001, 2.0]","(-0.001, 13.95]","(-0.001, 2.0]","(-0.001, 2083.75]"
Oishii Boston,5469.0,"(-0.001, 13.95]","(-0.001, 2083.75]","(-0.001, 2.0]","(-0.001, 13.95]","(-0.001, 2.0]","(-0.001, 2083.75]"
Oishii Boston,5469.0,"(-0.001, 13.95]","(-0.001, 2083.75]","(-0.001, 2.0]","(-0.001, 13.95]","(-0.001, 2.0]","(-0.001, 2083.75]"
Crudo Boston,1854.0,"(-0.001, 13.95]","(-0.001, 2083.75]","(-0.001, 2.0]","(-0.001, 13.95]","(-0.001, 2.0]","(-0.001, 2083.75]"
Crudo Boston,1854.0,"(-0.001, 13.95]","(-0.001, 2083.75]","(-0.001, 2.0]","(-0.001, 13.95]","(-0.001, 2.0]","(-0.001, 2083.75]"
Crudo Boston,1854.0,"(-0.001, 13.95]","(-0.001, 2083.75]","(-0.001, 2.0]","(-0.001, 13.95]","(-0.001, 2.0]","(-0.001, 2083.75]"
Crudo Boston,1854.0,"(-0.001, 13.95]","(-0.001, 2083.75]","(-0.001, 2.0]","(-0.001, 13.95]","(-0.001, 2.0]","(-0.001, 2083.75]"
Crudo Boston,1854.0,"(-0.001, 13.95]","(-0.001, 2083.75]","(-0.001, 2.0]","(-0.001, 13.95]","(-0.001, 2.0]","(-0.001, 2083.75]"
Meimei dumplings,25000.0,"(181.1, 7864.8]","(-0.001, 2083.75]","(2.0, 7.0]","(181.1, 7864.8]","(2.0, 7.0]","(-0.001, 2083.75]"
Meimei dumplings,25000.0,"(181.1, 7864.8]","(-0.001, 2083.75]","(2.0, 7.0]","(67.2, 181.1]","(2.0, 7.0]","(-0.001, 2083.75]"
Meimei dumplings,25000.0,"(67.2, 181.1]","(-0.001, 2083.75]","(2.0, 7.0]","(181.1, 7864.8]","(2.0, 7.0]","(-0.001, 2083.75]"
Meimei dumplings,25000.0,"(181.1, 7864.8]","(-0.001, 2083.75]","(2.0, 7.0]","(181.1, 7864.8]","(2.0, 7.0]","(-0.001, 2083.75]"
Meimei dumplings,25000.0,"(181.1, 7864.8]","(-0.001, 2083.75]","(2.0, 7.0]","(181.1, 7864.8]","(7.0, 3329.0]","(-0.001, 2083.75]"
Paramount Southie,3032.0,"(-0.001, 13.95]","(-0.001, 2083.75]","(-0.001, 2.0]","(-0.001, 13.95]","(-0.001, 2.0]","(-0.001, 2083.75]"
Paramount Southie,3032.0,"(-0.001, 13.95]","(-0.001, 2083.75]","(-0.001, 2.0]","(-0.001, 13.95]","(-0.001, 2.0]","(-0.001, 2083.75]"
Paramount Southie,3032.0,"(-0.001, 13.95]","(-0.001, 2083.75]","(-0.001, 2.0]","(-0.001, 13.95]","(-0.001, 2.0]","(-0.001, 2083.75]"
Paramount Southie,3032.0,"(-0.001, 13.95]","(-0.001, 2083.75]","(-0.001, 2.0]","(-0.001, 13.95]","(-0.001, 2.0]","(-0.001, 2083.75]"
Paramount Southie,3032.0,"(-0.001, 13.95]","(-0.001, 2083.75]","(-0.001, 2.0]","(-0.001, 13.95]","(-0.001, 2.0]","(-0.001, 2083.75]"
Teado Central,104.0,"(13.95, 67.2]","(-0.001, 2083.75]","(-0.001, 2.0]","(13.95, 67.2]","(-0.001, 2.0]","(-0.001, 2083.75]"
Teado Central,104.0,"(13.95, 67.2]","(-0.001, 2083.75]","(-0.001, 2.0]","(-0.001, 13.95]","(-0.001, 2.0]","(-0.001, 2083.75]"
Teado Central,104.0,"(-0.001, 13.95]","(-0.001, 2083.75]","(-0.001, 2.0]","(-0.001, 13.95]","(-0.001, 2.0]","(-0.001, 2083.75]"
Teado Central,104.0,"(-0.001, 13.95]","(-0.001, 2083.75]","(-0.001, 2.0]","(-0.001, 13.95]","(-0.001, 2.0]","(-0.001, 2083.75]"
Teado Central,104.0,"(-0.001, 13.95]","(-0.001, 2083.75]","(-0.001, 2.0]","(-0.001, 13.95]","(-0.001, 2.0]","(-0.001, 2083.75]"
Trade Boston,9565.0,"(13.95, 67.2]","(-0.001, 2083.75]","(2.0, 7.0]","(13.95, 67.2]","(-0.001, 2.0]","(-0.001, 2083.75]"
Trade Boston,9565.0,"(13.95, 67.2]","(-0.001, 2083.75]","(-0.001, 2.0]","(13.95, 67.2]","(-0.001, 2.0]","(-0.001, 2083.75]"
Trade Boston,9565.0,"(13.95, 67.2]","(-0.001, 2083.75]","(-0.001, 2.0]","(13.95, 67.2]","(-0.001, 2.0]","(-0.001, 2083.75]"
Trade Boston,9565.0,"(13.95, 67.2]","(-0.001, 2083.75]","(-0.001, 2.0]","(13.95, 67.2]","(-0.001, 2.0]","(-0.001, 2083.75]"
Trade Boston,9565.0,"(13.95, 67.2]","(-0.001, 2083.75]","(-0.001, 2.0]","(13.95, 67.2]","(2.0, 7.0]","(-0.001, 2083.75]"
