business_name,fb_followers,fb_like_range_month_m,fb_comment_range_month_m,fb_like_range_month_m_1,fb_comment_range_month_m_1
Cafe Luna,1800.0,"(6.2, 4610.6]","(-0.001, 0.2]","(-0.001, 0.4]","(-0.001, 0.2]"
Cafe Luna,1800.0,"(-0.001, 0.4]","(-0.001, 0.2]","(6.2, 4610.6]","(0.2, 110.2]"
Cafe Luna,1800.0,"(6.2, 4610.6]","(0.2, 110.2]","(-0.001, 0.4]","(-0.001, 0.2]"
Cafe Luna,1800.0,"(-0.001, 0.4]","(-0.001, 0.2]","(-0.001, 0.4]","(-0.001, 0.2]"
Cafe Luna,1800.0,"(-0.001, 0.4]","(-0.001, 0.2]","(-0.001, 0.4]","(-0.001, 0.2]"
Moona,645.0,"(0.4, 6.2]","(-0.001, 0.2]","(0.4, 6.2]","(-0.001, 0.2]"
Moona,645.0,"(0.4, 6.2]","(-0.001, 0.2]","(0.4, 6.2]","(-0.001, 0.2]"
Moona,645.0,"(0.4, 6.2]","(-0.001, 0.2]","(-0.001, 0.4]","(-0.001, 0.2]"
Moona,645.0,"(-0.001, 0.4]","(-0.001, 0.2]","(-0.001, 0.4]","(-0.001, 0.2]"
Moona,645.0,"(-0.001, 0.4]","(-0.001, 0.2]","(-0.001, 0.4]","(-0.001, 0.2]"
4 Corners Pizza,1000.0,"(-0.001, 0.4]","(-0.001, 0.2]","(6.2, 4610.6]","(0.2, 110.2]"
4 Corners Pizza,1000.0,"(6.2, 4610.6]","(0.2, 110.2]","(0.4, 6.2]","(0.2, 110.2]"
4 Corners Pizza,1000.0,"(0.4, 6.2]","(0.2, 110.2]","(0.4, 6.2]","(-0.001, 0.2]"
4 Corners Pizza,1000.0,"(0.4, 6.2]","(-0.001, 0.2]","(0.4, 6.2]","(0.2, 110.2]"
4 Corners Pizza,1000.0,"(0.4, 6.2]","(0.2, 110.2]","(-0.001, 0.4]","(-0.001, 0.2]"
Hunters,217.0,"(-0.001, 0.4]","(-0.001, 0.2]","(-0.001, 0.4]","(-0.001, 0.2]"
Hunters,217.0,"(-0.001, 0.4]","(-0.001, 0.2]","(-0.001, 0.4]","(-0.001, 0.2]"
Hunters,217.0,"(-0.001, 0.4]","(-0.001, 0.2]","(0.4, 6.2]","(-0.001, 0.2]"
Hunters,217.0,"(0.4, 6.2]","(-0.001, 0.2]","(-0.001, 0.4]","(-0.001, 0.2]"
Hunters,217.0,"(-0.001, 0.4]","(-0.001, 0.2]","(-0.001, 0.4]","(-0.001, 0.2]"
Ruka Resto Bar,924.0,"(0.4, 6.2]","(-0.001, 0.2]","(0.4, 6.2]","(-0.001, 0.2]"
Ruka Resto Bar,924.0,"(0.4, 6.2]","(-0.001, 0.2]","(0.4, 6.2]","(-0.001, 0.2]"
Ruka Resto Bar,924.0,"(0.4, 6.2]","(-0.001, 0.2]","(0.4, 6.2]","(-0.001, 0.2]"
Ruka Resto Bar,924.0,"(0.4, 6.2]","(-0.001, 0.2]","(0.4, 6.2]","(-0.001, 0.2]"
Ruka Resto Bar,924.0,"(0.4, 6.2]","(-0.001, 0.2]","(0.4, 6.2]","(-0.001, 0.2]"
Committee,5800.0,"(-0.001, 0.4]","(-0.001, 0.2]","(-0.001, 0.4]","(-0.001, 0.2]"
Committee,5800.0,"(-0.001, 0.4]","(-0.001, 0.2]","(-0.001, 0.4]","(-0.001, 0.2]"
Committee,5800.0,"(-0.001, 0.4]","(-0.001, 0.2]","(-0.001, 0.4]","(-0.001, 0.2]"
Committee,5800.0,"(-0.001, 0.4]","(-0.001, 0.2]","(-0.001, 0.4]","(-0.001, 0.2]"
Committee,5800.0,"(-0.001, 0.4]","(-0.001, 0.2]","(0.4, 6.2]","(-0.001, 0.2]"
Zuma,1500.0,"(0.4, 6.2]","(-0.001, 0.2]","(0.4, 6.2]","(-0.001, 0.2]"
Zuma,1500.0,"(0.4, 6.2]","(-0.001, 0.2]","(0.4, 6.2]","(-0.001, 0.2]"
Zuma,1500.0,"(0.4, 6.2]","(-0.001, 0.2]","(-0.001, 0.4]","(-0.001, 0.2]"
Zuma,1500.0,"(-0.001, 0.4]","(-0.001, 0.2]","(-0.001, 0.4]","(-0.001, 0.2]"
Zuma,1500.0,"(-0.001, 0.4]","(-0.001, 0.2]","(-0.001, 0.4]","(-0.001, 0.2]"
Orleans Bar & Restaurant,9.0,"(-0.001, 0.4]","(-0.001, 0.2]","(-0.001, 0.4]","(-0.001, 0.2]"
Orleans Bar & Restaurant,9.0,"(-0.001, 0.4]","(-0.001, 0.2]","(-0.001, 0.4]","(-0.001, 0.2]"
Orleans Bar & Restaurant,9.0,"(-0.001, 0.4]","(-0.001, 0.2]","(-0.001, 0.4]","(-0.001, 0.2]"
Orleans Bar & Restaurant,9.0,"(-0.001, 0.4]","(-0.001, 0.2]","(-0.001, 0.4]","(-0.001, 0.2]"
Orleans Bar & Restaurant,9.0,"(-0.001, 0.4]","(-0.001, 0.2]","(-0.001, 0.4]","(-0.001, 0.2]"
Nagomi Kenmore,80.0,"(-0.001, 0.4]","(-0.001, 0.2]","(-0.001, 0.4]","(-0.001, 0.2]"
Nagomi Kenmore,80.0,"(-0.001, 0.4]","(-0.001, 0.2]","(0.4, 6.2]","(-0.001, 0.2]"
Nagomi Kenmore,80.0,"(0.4, 6.2]","(-0.001, 0.2]","(-0.001, 0.4]","(-0.001, 0.2]"
Nagomi Kenmore,80.0,"(-0.001, 0.4]","(-0.001, 0.2]","(0.4, 6.2]","(-0.001, 0.2]"
Nagomi Kenmore,80.0,"(0.4, 6.2]","(-0.001, 0.2]","(0.4, 6.2]","(-0.001, 0.2]"
The Lexington,,"(-0.001, 0.4]","(-0.001, 0.2]","(-0.001, 0.4]","(-0.001, 0.2]"
The Lexington,,"(-0.001, 0.4]","(-0.001, 0.2]","(-0.001, 0.4]","(-0.001, 0.2]"
The Lexington,,"(-0.001, 0.4]","(-0.001, 0.2]","(-0.001, 0.4]","(-0.001, 0.2]"
The Lexington,,"(-0.001, 0.4]","(-0.001, 0.2]","(-0.001, 0.4]","(-0.001, 0.2]"
The Lexington,,"(-0.001, 0.4]","(-0.001, 0.2]","(-0.001, 0.4]","(-0.001, 0.2]"
Bistro du Midi Boston,3300.0,"(-0.001, 0.4]","(-0.001, 0.2]","(0.4, 6.2]","(0.2, 110.2]"
Bistro du Midi Boston,3300.0,"(0.4, 6.2]","(0.2, 110.2]","(0.4, 6.2]","(0.2, 110.2]"
Bistro du Midi Boston,3300.0,"(0.4, 6.2]","(0.2, 110.2]","(-0.001, 0.4]","(-0.001, 0.2]"
Bistro du Midi Boston,3300.0,"(-0.001, 0.4]","(-0.001, 0.2]","(-0.001, 0.4]","(-0.001, 0.2]"
Bistro du Midi Boston,3300.0,"(-0.001, 0.4]","(-0.001, 0.2]","(-0.001, 0.4]","(-0.001, 0.2]"
LoLa 42,2600.0,"(0.4, 6.2]","(-0.001, 0.2]","(0.4, 6.2]","(-0.001, 0.2]"
LoLa 42,2600.0,"(0.4, 6.2]","(-0.001, 0.2]","(0.4, 6.2]","(-0.001, 0.2]"
LoLa 42,2600.0,"(0.4, 6.2]","(-0.001, 0.2]","(-0.001, 0.4]","(-0.001, 0.2]"
LoLa 42,2600.0,"(-0.001, 0.4]","(-0.001, 0.2]","(0.4, 6.2]","(-0.001, 0.2]"
LoLa 42,2600.0,"(0.4, 6.2]","(-0.001, 0.2]","(0.4, 6.2]","(-0.001, 0.2]"
No. 9 Park,,"(-0.001, 0.4]","(-0.001, 0.2]","(-0.001, 0.4]","(-0.001, 0.2]"
No. 9 Park,,"(-0.001, 0.4]","(-0.001, 0.2]","(-0.001, 0.4]","(-0.001, 0.2]"
No. 9 Park,,"(-0.001, 0.4]","(-0.001, 0.2]","(-0.001, 0.4]","(-0.001, 0.2]"
No. 9 Park,,"(-0.001, 0.4]","(-0.001, 0.2]","(-0.001, 0.4]","(-0.001, 0.2]"
No. 9 Park,,"(-0.001, 0.4]","(-0.001, 0.2]","(-0.001, 0.4]","(-0.001, 0.2]"
Stella Cheeses,80000.0,"(-0.001, 0.4]","(-0.001, 0.2]","(-0.001, 0.4]","(-0.001, 0.2]"
Stella Cheeses,80000.0,"(-0.001, 0.4]","(-0.001, 0.2]","(6.2, 4610.6]","(0.2, 110.2]"
Stella Cheeses,80000.0,"(6.2, 4610.6]","(0.2, 110.2]","(-0.001, 0.4]","(-0.001, 0.2]"
Stella Cheeses,80000.0,"(-0.001, 0.4]","(-0.001, 0.2]","(0.4, 6.2]","(-0.001, 0.2]"
Stella Cheeses,80000.0,"(0.4, 6.2]","(-0.001, 0.2]","(-0.001, 0.4]","(-0.001, 0.2]"
Bar Vlaha,145.0,"(-0.001, 0.4]","(-0.001, 0.2]","(-0.001, 0.4]","(-0.001, 0.2]"
Bar Vlaha,145.0,"(-0.001, 0.4]","(-0.001, 0.2]","(-0.001, 0.4]","(-0.001, 0.2]"
Bar Vlaha,145.0,"(-0.001, 0.4]","(-0.001, 0.2]","(-0.001, 0.4]","(-0.001, 0.2]"
Bar Vlaha,145.0,"(-0.001, 0.4]","(-0.001, 0.2]","(-0.001, 0.4]","(-0.001, 0.2]"
Bar Vlaha,145.0,"(-0.001, 0.4]","(-0.001, 0.2]","(-0.001, 0.4]","(-0.001, 0.2]"
Levain Bakery,61000.0,"(6.2, 4610.6]","(0.2, 110.2]","(6.2, 4610.6]","(0.2, 110.2]"
Levain Bakery,61000.0,"(6.2, 4610.6]","(0.2, 110.2]","(6.2, 4610.6]","(0.2, 110.2]"
Levain Bakery,61000.0,"(6.2, 4610.6]","(0.2, 110.2]","(6.2, 4610.6]","(0.2, 110.2]"
Levain Bakery,61000.0,"(6.2, 4610.6]","(0.2, 110.2]","(6.2, 4610.6]","(0.2, 110.2]"
Levain Bakery,61000.0,"(6.2, 4610.6]","(0.2, 110.2]","(6.2, 4610.6]","(0.2, 110.2]"
Hood Dairy,,"(-0.001, 0.4]","(-0.001, 0.2]","(-0.001, 0.4]","(-0.001, 0.2]"
Hood Dairy,,"(-0.001, 0.4]","(-0.001, 0.2]","(-0.001, 0.4]","(-0.001, 0.2]"
Hood Dairy,,"(-0.001, 0.4]","(-0.001, 0.2]","(-0.001, 0.4]","(-0.001, 0.2]"
Hood Dairy,,"(-0.001, 0.4]","(-0.001, 0.2]","(-0.001, 0.4]","(-0.001, 0.2]"
Hood Dairy,,"(-0.001, 0.4]","(-0.001, 0.2]","(-0.001, 0.4]","(-0.001, 0.2]"
Crazy Good Kitchen,4300.0,"(0.4, 6.2]","(0.2, 110.2]","(0.4, 6.2]","(-0.001, 0.2]"
Crazy Good Kitchen,4300.0,"(0.4, 6.2]","(-0.001, 0.2]","(0.4, 6.2]","(0.2, 110.2]"
Crazy Good Kitchen,4300.0,"(0.4, 6.2]","(0.2, 110.2]","(0.4, 6.2]","(0.2, 110.2]"
Crazy Good Kitchen,4300.0,"(0.4, 6.2]","(0.2, 110.2]","(0.4, 6.2]","(-0.001, 0.2]"
Crazy Good Kitchen,4300.0,"(0.4, 6.2]","(-0.001, 0.2]","(0.4, 6.2]","(-0.001, 0.2]"
Grill 23 & Bar,7400.0,"(-0.001, 0.4]","(-0.001, 0.2]","(-0.001, 0.4]","(-0.001, 0.2]"
Grill 23 & Bar,7400.0,"(-0.001, 0.4]","(-0.001, 0.2]","(-0.001, 0.4]","(-0.001, 0.2]"
Grill 23 & Bar,7400.0,"(-0.001, 0.4]","(-0.001, 0.2]","(-0.001, 0.4]","(-0.001, 0.2]"
Grill 23 & Bar,7400.0,"(-0.001, 0.4]","(-0.001, 0.2]","(-0.001, 0.4]","(-0.001, 0.2]"
Grill 23 & Bar,7400.0,"(-0.001, 0.4]","(-0.001, 0.2]","(-0.001, 0.4]","(-0.001, 0.2]"
Smith & Wollensky,26000.0,"(6.2, 4610.6]","(-0.001, 0.2]","(6.2, 4610.6]","(0.2, 110.2]"
Smith & Wollensky,26000.0,"(6.2, 4610.6]","(0.2, 110.2]","(6.2, 4610.6]","(0.2, 110.2]"
Smith & Wollensky,26000.0,"(6.2, 4610.6]","(0.2, 110.2]","(6.2, 4610.6]","(0.2, 110.2]"
Smith & Wollensky,26000.0,"(6.2, 4610.6]","(0.2, 110.2]","(6.2, 4610.6]","(0.2, 110.2]"
Smith & Wollensky,26000.0,"(6.2, 4610.6]","(0.2, 110.2]","(6.2, 4610.6]","(0.2, 110.2]"
LoLa Burger,2600.0,"(-0.001, 0.4]","(-0.001, 0.2]","(0.4, 6.2]","(0.2, 110.2]"
LoLa Burger,2600.0,"(0.4, 6.2]","(0.2, 110.2]","(0.4, 6.2]","(-0.001, 0.2]"
LoLa Burger,2600.0,"(0.4, 6.2]","(-0.001, 0.2]","(0.4, 6.2]","(-0.001, 0.2]"
LoLa Burger,2600.0,"(0.4, 6.2]","(-0.001, 0.2]","(0.4, 6.2]","(-0.001, 0.2]"
LoLa Burger,2600.0,"(0.4, 6.2]","(-0.001, 0.2]","(0.4, 6.2]","(-0.001, 0.2]"
Woods Hill Pier 4,1700.0,"(6.2, 4610.6]","(0.2, 110.2]","(6.2, 4610.6]","(-0.001, 0.2]"
Woods Hill Pier 4,1700.0,"(6.2, 4610.6]","(-0.001, 0.2]","(0.4, 6.2]","(-0.001, 0.2]"
Woods Hill Pier 4,1700.0,"(0.4, 6.2]","(-0.001, 0.2]","(6.2, 4610.6]","(0.2, 110.2]"
Woods Hill Pier 4,1700.0,"(6.2, 4610.6]","(0.2, 110.2]","(6.2, 4610.6]","(-0.001, 0.2]"
Woods Hill Pier 4,1700.0,"(6.2, 4610.6]","(-0.001, 0.2]","(-0.001, 0.4]","(-0.001, 0.2]"
Petit Robert Bistro,5500.0,"(6.2, 4610.6]","(0.2, 110.2]","(-0.001, 0.4]","(-0.001, 0.2]"
Petit Robert Bistro,5500.0,"(-0.001, 0.4]","(-0.001, 0.2]","(6.2, 4610.6]","(-0.001, 0.2]"
Petit Robert Bistro,5500.0,"(6.2, 4610.6]","(-0.001, 0.2]","(6.2, 4610.6]","(0.2, 110.2]"
Petit Robert Bistro,5500.0,"(6.2, 4610.6]","(0.2, 110.2]","(6.2, 4610.6]","(-0.001, 0.2]"
Petit Robert Bistro,5500.0,"(6.2, 4610.6]","(-0.001, 0.2]","(6.2, 4610.6]","(-0.001, 0.2]"
The Dial,532.0,"(-0.001, 0.4]","(-0.001, 0.2]","(-0.001, 0.4]","(-0.001, 0.2]"
The Dial,532.0,"(-0.001, 0.4]","(-0.001, 0.2]","(-0.001, 0.4]","(-0.001, 0.2]"
The Dial,532.0,"(-0.001, 0.4]","(-0.001, 0.2]","(0.4, 6.2]","(-0.001, 0.2]"
The Dial,532.0,"(0.4, 6.2]","(-0.001, 0.2]","(0.4, 6.2]","(-0.001, 0.2]"
The Dial,532.0,"(0.4, 6.2]","(-0.001, 0.2]","(0.4, 6.2]","(-0.001, 0.2]"
Blue Owl Central Square,296.0,"(-0.001, 0.4]","(-0.001, 0.2]","(-0.001, 0.4]","(-0.001, 0.2]"
Blue Owl Central Square,296.0,"(-0.001, 0.4]","(-0.001, 0.2]","(-0.001, 0.4]","(-0.001, 0.2]"
Blue Owl Central Square,296.0,"(-0.001, 0.4]","(-0.001, 0.2]","(-0.001, 0.4]","(-0.001, 0.2]"
Blue Owl Central Square,296.0,"(-0.001, 0.4]","(-0.001, 0.2]","(-0.001, 0.4]","(-0.001, 0.2]"
Blue Owl Central Square,296.0,"(-0.001, 0.4]","(-0.001, 0.2]","(-0.001, 0.4]","(-0.001, 0.2]"
Yellow Door Taqueria,3000.0,"(6.2, 4610.6]","(-0.001, 0.2]","(-0.001, 0.4]","(-0.001, 0.2]"
Yellow Door Taqueria,3000.0,"(-0.001, 0.4]","(-0.001, 0.2]","(-0.001, 0.4]","(-0.001, 0.2]"
Yellow Door Taqueria,3000.0,"(-0.001, 0.4]","(-0.001, 0.2]","(6.2, 4610.6]","(0.2, 110.2]"
Yellow Door Taqueria,3000.0,"(6.2, 4610.6]","(0.2, 110.2]","(6.2, 4610.6]","(0.2, 110.2]"
Yellow Door Taqueria,3000.0,"(6.2, 4610.6]","(0.2, 110.2]","(6.2, 4610.6]","(0.2, 110.2]"
Bar 'Cino,,"(-0.001, 0.4]","(-0.001, 0.2]","(-0.001, 0.4]","(-0.001, 0.2]"
Bar 'Cino,,"(-0.001, 0.4]","(-0.001, 0.2]","(-0.001, 0.4]","(-0.001, 0.2]"
Bar 'Cino,,"(-0.001, 0.4]","(-0.001, 0.2]","(-0.001, 0.4]","(-0.001, 0.2]"
Bar 'Cino,,"(-0.001, 0.4]","(-0.001, 0.2]","(-0.001, 0.4]","(-0.001, 0.2]"
Bar 'Cino,,"(-0.001, 0.4]","(-0.001, 0.2]","(-0.001, 0.4]","(-0.001, 0.2]"
Tradesman Coffee Shop & Lounge,409.0,"(-0.001, 0.4]","(-0.001, 0.2]","(-0.001, 0.4]","(-0.001, 0.2]"
Tradesman Coffee Shop & Lounge,409.0,"(-0.001, 0.4]","(-0.001, 0.2]","(-0.001, 0.4]","(-0.001, 0.2]"
Tradesman Coffee Shop & Lounge,409.0,"(-0.001, 0.4]","(-0.001, 0.2]","(-0.001, 0.4]","(-0.001, 0.2]"
Tradesman Coffee Shop & Lounge,409.0,"(-0.001, 0.4]","(-0.001, 0.2]","(-0.001, 0.4]","(-0.001, 0.2]"
Tradesman Coffee Shop & Lounge,409.0,"(-0.001, 0.4]","(-0.001, 0.2]","(-0.001, 0.4]","(-0.001, 0.2]"
Bakey Babka,950.0,"(0.4, 6.2]","(-0.001, 0.2]","(6.2, 4610.6]","(0.2, 110.2]"
Bakey Babka,950.0,"(6.2, 4610.6]","(0.2, 110.2]","(6.2, 4610.6]","(-0.001, 0.2]"
Bakey Babka,950.0,"(6.2, 4610.6]","(-0.001, 0.2]","(6.2, 4610.6]","(0.2, 110.2]"
Bakey Babka,950.0,"(6.2, 4610.6]","(0.2, 110.2]","(6.2, 4610.6]","(0.2, 110.2]"
Bakey Babka,950.0,"(6.2, 4610.6]","(0.2, 110.2]","(6.2, 4610.6]","(0.2, 110.2]"
Delini Gelato Boston,822.0,"(6.2, 4610.6]","(0.2, 110.2]","(6.2, 4610.6]","(0.2, 110.2]"
Delini Gelato Boston,822.0,"(6.2, 4610.6]","(0.2, 110.2]","(6.2, 4610.6]","(0.2, 110.2]"
Delini Gelato Boston,822.0,"(6.2, 4610.6]","(0.2, 110.2]","(-0.001, 0.4]","(-0.001, 0.2]"
Delini Gelato Boston,822.0,"(-0.001, 0.4]","(-0.001, 0.2]","(-0.001, 0.4]","(-0.001, 0.2]"
Delini Gelato Boston,822.0,"(-0.001, 0.4]","(-0.001, 0.2]","(-0.001, 0.4]","(-0.001, 0.2]"
Umbria Steakhouse & Roofdeck,377.0,"(6.2, 4610.6]","(0.2, 110.2]","(0.4, 6.2]","(-0.001, 0.2]"
Umbria Steakhouse & Roofdeck,377.0,"(0.4, 6.2]","(-0.001, 0.2]","(-0.001, 0.4]","(0.2, 110.2]"
Umbria Steakhouse & Roofdeck,377.0,"(-0.001, 0.4]","(0.2, 110.2]","(6.2, 4610.6]","(0.2, 110.2]"
Umbria Steakhouse & Roofdeck,377.0,"(6.2, 4610.6]","(0.2, 110.2]","(6.2, 4610.6]","(-0.001, 0.2]"
Umbria Steakhouse & Roofdeck,377.0,"(6.2, 4610.6]","(-0.001, 0.2]","(-0.001, 0.4]","(-0.001, 0.2]"
Davio's Northern Italian Steakhouse,2300.0,"(0.4, 6.2]","(-0.001, 0.2]","(6.2, 4610.6]","(0.2, 110.2]"
Davio's Northern Italian Steakhouse,2300.0,"(6.2, 4610.6]","(0.2, 110.2]","(6.2, 4610.6]","(0.2, 110.2]"
Davio's Northern Italian Steakhouse,2300.0,"(6.2, 4610.6]","(0.2, 110.2]","(6.2, 4610.6]","(-0.001, 0.2]"
Davio's Northern Italian Steakhouse,2300.0,"(6.2, 4610.6]","(-0.001, 0.2]","(6.2, 4610.6]","(0.2, 110.2]"
Davio's Northern Italian Steakhouse,2300.0,"(6.2, 4610.6]","(0.2, 110.2]","(6.2, 4610.6]","(-0.001, 0.2]"
MEX,358.0,"(0.4, 6.2]","(-0.001, 0.2]","(0.4, 6.2]","(-0.001, 0.2]"
MEX,358.0,"(0.4, 6.2]","(-0.001, 0.2]","(-0.001, 0.4]","(-0.001, 0.2]"
MEX,358.0,"(-0.001, 0.4]","(-0.001, 0.2]","(0.4, 6.2]","(0.2, 110.2]"
MEX,358.0,"(0.4, 6.2]","(0.2, 110.2]","(-0.001, 0.4]","(-0.001, 0.2]"
MEX,358.0,"(-0.001, 0.4]","(-0.001, 0.2]","(-0.001, 0.4]","(-0.001, 0.2]"
W Boston,236.0,"(-0.001, 0.4]","(-0.001, 0.2]","(-0.001, 0.4]","(-0.001, 0.2]"
W Boston,236.0,"(-0.001, 0.4]","(-0.001, 0.2]","(-0.001, 0.4]","(-0.001, 0.2]"
W Boston,236.0,"(-0.001, 0.4]","(-0.001, 0.2]","(-0.001, 0.4]","(-0.001, 0.2]"
W Boston,236.0,"(-0.001, 0.4]","(-0.001, 0.2]","(-0.001, 0.4]","(-0.001, 0.2]"
W Boston,236.0,"(-0.001, 0.4]","(-0.001, 0.2]","(-0.001, 0.4]","(-0.001, 0.2]"
Oath Pizza,3800.0,"(0.4, 6.2]","(0.2, 110.2]","(-0.001, 0.4]","(-0.001, 0.2]"
Oath Pizza,3800.0,"(-0.001, 0.4]","(-0.001, 0.2]","(-0.001, 0.4]","(-0.001, 0.2]"
Oath Pizza,3800.0,"(-0.001, 0.4]","(-0.001, 0.2]","(-0.001, 0.4]","(-0.001, 0.2]"
Oath Pizza,3800.0,"(-0.001, 0.4]","(-0.001, 0.2]","(-0.001, 0.4]","(-0.001, 0.2]"
Oath Pizza,3800.0,"(-0.001, 0.4]","(-0.001, 0.2]","(0.4, 6.2]","(-0.001, 0.2]"
VESTER,211.0,"(-0.001, 0.4]","(-0.001, 0.2]","(-0.001, 0.4]","(-0.001, 0.2]"
VESTER,211.0,"(-0.001, 0.4]","(-0.001, 0.2]","(-0.001, 0.4]","(-0.001, 0.2]"
VESTER,211.0,"(-0.001, 0.4]","(-0.001, 0.2]","(-0.001, 0.4]","(-0.001, 0.2]"
VESTER,211.0,"(-0.001, 0.4]","(-0.001, 0.2]","(-0.001, 0.4]","(-0.001, 0.2]"
VESTER,211.0,"(-0.001, 0.4]","(-0.001, 0.2]","(-0.001, 0.4]","(-0.001, 0.2]"
JOIA Ristorante & Lounge,333.0,"(6.2, 4610.6]","(0.2, 110.2]","(6.2, 4610.6]","(0.2, 110.2]"
JOIA Ristorante & Lounge,333.0,"(6.2, 4610.6]","(0.2, 110.2]","(-0.001, 0.4]","(-0.001, 0.2]"
JOIA Ristorante & Lounge,333.0,"(-0.001, 0.4]","(-0.001, 0.2]","(-0.001, 0.4]","(-0.001, 0.2]"
JOIA Ristorante & Lounge,333.0,"(-0.001, 0.4]","(-0.001, 0.2]","(-0.001, 0.4]","(-0.001, 0.2]"
JOIA Ristorante & Lounge,333.0,"(-0.001, 0.4]","(-0.001, 0.2]","(6.2, 4610.6]","(-0.001, 0.2]"
Shiki Shabu Shabu,21.0,"(-0.001, 0.4]","(-0.001, 0.2]","(-0.001, 0.4]","(-0.001, 0.2]"
Shiki Shabu Shabu,21.0,"(-0.001, 0.4]","(-0.001, 0.2]","(0.4, 6.2]","(-0.001, 0.2]"
Shiki Shabu Shabu,21.0,"(0.4, 6.2]","(-0.001, 0.2]","(-0.001, 0.4]","(-0.001, 0.2]"
Shiki Shabu Shabu,21.0,"(-0.001, 0.4]","(-0.001, 0.2]","(-0.001, 0.4]","(-0.001, 0.2]"
Shiki Shabu Shabu,21.0,"(-0.001, 0.4]","(-0.001, 0.2]","(-0.001, 0.4]","(-0.001, 0.2]"
JP Fuji Group,762.0,"(6.2, 4610.6]","(-0.001, 0.2]","(6.2, 4610.6]","(-0.001, 0.2]"
JP Fuji Group,762.0,"(6.2, 4610.6]","(-0.001, 0.2]","(0.4, 6.2]","(0.2, 110.2]"
JP Fuji Group,762.0,"(0.4, 6.2]","(0.2, 110.2]","(0.4, 6.2]","(-0.001, 0.2]"
JP Fuji Group,762.0,"(0.4, 6.2]","(-0.001, 0.2]","(0.4, 6.2]","(-0.001, 0.2]"
JP Fuji Group,762.0,"(0.4, 6.2]","(-0.001, 0.2]","(0.4, 6.2]","(-0.001, 0.2]"
Empire Boston,10000.0,"(0.4, 6.2]","(-0.001, 0.2]","(6.2, 4610.6]","(-0.001, 0.2]"
Empire Boston,10000.0,"(6.2, 4610.6]","(-0.001, 0.2]","(0.4, 6.2]","(-0.001, 0.2]"
Empire Boston,10000.0,"(0.4, 6.2]","(-0.001, 0.2]","(0.4, 6.2]","(-0.001, 0.2]"
Empire Boston,10000.0,"(0.4, 6.2]","(-0.001, 0.2]","(0.4, 6.2]","(-0.001, 0.2]"
Empire Boston,10000.0,"(0.4, 6.2]","(-0.001, 0.2]","(0.4, 6.2]","(-0.001, 0.2]"
Yoki Express,1900.0,"(-0.001, 0.4]","(-0.001, 0.2]","(0.4, 6.2]","(-0.001, 0.2]"
Yoki Express,1900.0,"(0.4, 6.2]","(-0.001, 0.2]","(0.4, 6.2]","(-0.001, 0.2]"
Yoki Express,1900.0,"(0.4, 6.2]","(-0.001, 0.2]","(0.4, 6.2]","(-0.001, 0.2]"
Yoki Express,1900.0,"(0.4, 6.2]","(-0.001, 0.2]","(0.4, 6.2]","(-0.001, 0.2]"
Yoki Express,1900.0,"(0.4, 6.2]","(-0.001, 0.2]","(0.4, 6.2]","(-0.001, 0.2]"
Gopchang Story Boston,682.0,"(6.2, 4610.6]","(0.2, 110.2]","(-0.001, 0.4]","(-0.001, 0.2]"
Gopchang Story Boston,682.0,"(-0.001, 0.4]","(-0.001, 0.2]","(-0.001, 0.4]","(-0.001, 0.2]"
Gopchang Story Boston,682.0,"(-0.001, 0.4]","(-0.001, 0.2]","(0.4, 6.2]","(-0.001, 0.2]"
Gopchang Story Boston,682.0,"(0.4, 6.2]","(-0.001, 0.2]","(6.2, 4610.6]","(-0.001, 0.2]"
Gopchang Story Boston,682.0,"(6.2, 4610.6]","(-0.001, 0.2]","(-0.001, 0.4]","(-0.001, 0.2]"
BAB,137.0,"(-0.001, 0.4]","(-0.001, 0.2]","(-0.001, 0.4]","(-0.001, 0.2]"
BAB,137.0,"(-0.001, 0.4]","(-0.001, 0.2]","(-0.001, 0.4]","(-0.001, 0.2]"
BAB,137.0,"(-0.001, 0.4]","(-0.001, 0.2]","(-0.001, 0.4]","(-0.001, 0.2]"
BAB,137.0,"(-0.001, 0.4]","(-0.001, 0.2]","(-0.001, 0.4]","(-0.001, 0.2]"
BAB,137.0,"(-0.001, 0.4]","(-0.001, 0.2]","(-0.001, 0.4]","(-0.001, 0.2]"
Myung Dong 1st Ave,643.0,"(-0.001, 0.4]","(-0.001, 0.2]","(-0.001, 0.4]","(-0.001, 0.2]"
Myung Dong 1st Ave,643.0,"(-0.001, 0.4]","(-0.001, 0.2]","(-0.001, 0.4]","(-0.001, 0.2]"
Myung Dong 1st Ave,643.0,"(-0.001, 0.4]","(-0.001, 0.2]","(-0.001, 0.4]","(-0.001, 0.2]"
Myung Dong 1st Ave,643.0,"(-0.001, 0.4]","(-0.001, 0.2]","(-0.001, 0.4]","(-0.001, 0.2]"
Myung Dong 1st Ave,643.0,"(-0.001, 0.4]","(-0.001, 0.2]","(-0.001, 0.4]","(-0.001, 0.2]"
WakuWaku Ramen & Sake,278.0,"(0.4, 6.2]","(-0.001, 0.2]","(0.4, 6.2]","(-0.001, 0.2]"
WakuWaku Ramen & Sake,278.0,"(0.4, 6.2]","(-0.001, 0.2]","(0.4, 6.2]","(-0.001, 0.2]"
WakuWaku Ramen & Sake,278.0,"(0.4, 6.2]","(-0.001, 0.2]","(0.4, 6.2]","(-0.001, 0.2]"
WakuWaku Ramen & Sake,278.0,"(0.4, 6.2]","(-0.001, 0.2]","(0.4, 6.2]","(-0.001, 0.2]"
WakuWaku Ramen & Sake,278.0,"(0.4, 6.2]","(-0.001, 0.2]","(-0.001, 0.4]","(-0.001, 0.2]"
Shojo Cambridge,63.0,"(-0.001, 0.4]","(-0.001, 0.2]","(-0.001, 0.4]","(-0.001, 0.2]"
Shojo Cambridge,63.0,"(-0.001, 0.4]","(-0.001, 0.2]","(-0.001, 0.4]","(-0.001, 0.2]"
Shojo Cambridge,63.0,"(-0.001, 0.4]","(-0.001, 0.2]","(-0.001, 0.4]","(-0.001, 0.2]"
Shojo Cambridge,63.0,"(-0.001, 0.4]","(-0.001, 0.2]","(0.4, 6.2]","(-0.001, 0.2]"
Shojo Cambridge,63.0,"(0.4, 6.2]","(-0.001, 0.2]","(-0.001, 0.4]","(-0.001, 0.2]"
Shōjō Boston,2900.0,"(-0.001, 0.4]","(-0.001, 0.2]","(6.2, 4610.6]","(-0.001, 0.2]"
Shōjō Boston,2900.0,"(6.2, 4610.6]","(-0.001, 0.2]","(0.4, 6.2]","(-0.001, 0.2]"
Shōjō Boston,2900.0,"(0.4, 6.2]","(-0.001, 0.2]","(0.4, 6.2]","(-0.001, 0.2]"
Shōjō Boston,2900.0,"(0.4, 6.2]","(-0.001, 0.2]","(0.4, 6.2]","(-0.001, 0.2]"
Shōjō Boston,2900.0,"(0.4, 6.2]","(-0.001, 0.2]","(-0.001, 0.4]","(-0.001, 0.2]"
Park 54 Restaurant & Lounge,1900.0,"(-0.001, 0.4]","(-0.001, 0.2]","(-0.001, 0.4]","(-0.001, 0.2]"
Park 54 Restaurant & Lounge,1900.0,"(-0.001, 0.4]","(-0.001, 0.2]","(-0.001, 0.4]","(-0.001, 0.2]"
Park 54 Restaurant & Lounge,1900.0,"(-0.001, 0.4]","(-0.001, 0.2]","(6.2, 4610.6]","(-0.001, 0.2]"
Park 54 Restaurant & Lounge,1900.0,"(6.2, 4610.6]","(-0.001, 0.2]","(6.2, 4610.6]","(0.2, 110.2]"
Park 54 Restaurant & Lounge,1900.0,"(6.2, 4610.6]","(0.2, 110.2]","(-0.001, 0.4]","(-0.001, 0.2]"
154 STATION Burgers and drinks,1.0,"(-0.001, 0.4]","(-0.001, 0.2]","(-0.001, 0.4]","(-0.001, 0.2]"
154 STATION Burgers and drinks,1.0,"(-0.001, 0.4]","(-0.001, 0.2]","(-0.001, 0.4]","(-0.001, 0.2]"
154 STATION Burgers and drinks,1.0,"(-0.001, 0.4]","(-0.001, 0.2]","(-0.001, 0.4]","(-0.001, 0.2]"
154 STATION Burgers and drinks,1.0,"(-0.001, 0.4]","(-0.001, 0.2]","(-0.001, 0.4]","(-0.001, 0.2]"
154 STATION Burgers and drinks,1.0,"(-0.001, 0.4]","(-0.001, 0.2]","(-0.001, 0.4]","(-0.001, 0.2]"
Life Alive Organic Cafe,13000.0,"(0.4, 6.2]","(0.2, 110.2]","(6.2, 4610.6]","(-0.001, 0.2]"
Life Alive Organic Cafe,13000.0,"(6.2, 4610.6]","(-0.001, 0.2]","(0.4, 6.2]","(-0.001, 0.2]"
Life Alive Organic Cafe,13000.0,"(0.4, 6.2]","(-0.001, 0.2]","(6.2, 4610.6]","(0.2, 110.2]"
Life Alive Organic Cafe,13000.0,"(6.2, 4610.6]","(0.2, 110.2]","(6.2, 4610.6]","(-0.001, 0.2]"
Life Alive Organic Cafe,13000.0,"(6.2, 4610.6]","(-0.001, 0.2]","(6.2, 4610.6]","(0.2, 110.2]"
by Love Art,3200.0,"(0.4, 6.2]","(0.2, 110.2]","(-0.001, 0.4]","(-0.001, 0.2]"
by Love Art,3200.0,"(-0.001, 0.4]","(-0.001, 0.2]","(0.4, 6.2]","(-0.001, 0.2]"
by Love Art,3200.0,"(0.4, 6.2]","(-0.001, 0.2]","(-0.001, 0.4]","(-0.001, 0.2]"
by Love Art,3200.0,"(-0.001, 0.4]","(-0.001, 0.2]","(6.2, 4610.6]","(-0.001, 0.2]"
by Love Art,3200.0,"(6.2, 4610.6]","(-0.001, 0.2]","(-0.001, 0.4]","(-0.001, 0.2]"
Novara Restaurant | Milton MA,9300.0,"(6.2, 4610.6]","(0.2, 110.2]","(6.2, 4610.6]","(0.2, 110.2]"
Novara Restaurant | Milton MA,9300.0,"(6.2, 4610.6]","(0.2, 110.2]","(6.2, 4610.6]","(0.2, 110.2]"
Novara Restaurant | Milton MA,9300.0,"(6.2, 4610.6]","(0.2, 110.2]","(6.2, 4610.6]","(0.2, 110.2]"
Novara Restaurant | Milton MA,9300.0,"(6.2, 4610.6]","(0.2, 110.2]","(6.2, 4610.6]","(0.2, 110.2]"
Novara Restaurant | Milton MA,9300.0,"(6.2, 4610.6]","(0.2, 110.2]","(6.2, 4610.6]","(0.2, 110.2]"
Abby Park | Milton Restaurant,2600.0,"(-0.001, 0.4]","(-0.001, 0.2]","(-0.001, 0.4]","(-0.001, 0.2]"
Abby Park | Milton Restaurant,2600.0,"(-0.001, 0.4]","(-0.001, 0.2]","(-0.001, 0.4]","(-0.001, 0.2]"
Abby Park | Milton Restaurant,2600.0,"(-0.001, 0.4]","(-0.001, 0.2]","(-0.001, 0.4]","(-0.001, 0.2]"
Abby Park | Milton Restaurant,2600.0,"(-0.001, 0.4]","(-0.001, 0.2]","(-0.001, 0.4]","(-0.001, 0.2]"
Abby Park | Milton Restaurant,2600.0,"(-0.001, 0.4]","(-0.001, 0.2]","(-0.001, 0.4]","(-0.001, 0.2]"
Dorchester Brewing Company,15000.0,"(0.4, 6.2]","(-0.001, 0.2]","(6.2, 4610.6]","(0.2, 110.2]"
Dorchester Brewing Company,15000.0,"(6.2, 4610.6]","(0.2, 110.2]","(6.2, 4610.6]","(0.2, 110.2]"
Dorchester Brewing Company,15000.0,"(6.2, 4610.6]","(0.2, 110.2]","(6.2, 4610.6]","(0.2, 110.2]"
Dorchester Brewing Company,15000.0,"(6.2, 4610.6]","(0.2, 110.2]","(6.2, 4610.6]","(-0.001, 0.2]"
Dorchester Brewing Company,15000.0,"(6.2, 4610.6]","(-0.001, 0.2]","(0.4, 6.2]","(0.2, 110.2]"
M & M BBQ,305.0,"(-0.001, 0.4]","(-0.001, 0.2]","(-0.001, 0.4]","(-0.001, 0.2]"
M & M BBQ,305.0,"(-0.001, 0.4]","(-0.001, 0.2]","(-0.001, 0.4]","(-0.001, 0.2]"
M & M BBQ,305.0,"(-0.001, 0.4]","(-0.001, 0.2]","(-0.001, 0.4]","(-0.001, 0.2]"
M & M BBQ,305.0,"(-0.001, 0.4]","(-0.001, 0.2]","(-0.001, 0.4]","(-0.001, 0.2]"
M & M BBQ,305.0,"(-0.001, 0.4]","(-0.001, 0.2]","(-0.001, 0.4]","(-0.001, 0.2]"
Pazza on Porter,1900.0,"(0.4, 6.2]","(-0.001, 0.2]","(0.4, 6.2]","(-0.001, 0.2]"
Pazza on Porter,1900.0,"(0.4, 6.2]","(-0.001, 0.2]","(0.4, 6.2]","(-0.001, 0.2]"
Pazza on Porter,1900.0,"(0.4, 6.2]","(-0.001, 0.2]","(0.4, 6.2]","(0.2, 110.2]"
Pazza on Porter,1900.0,"(0.4, 6.2]","(0.2, 110.2]","(0.4, 6.2]","(-0.001, 0.2]"
Pazza on Porter,1900.0,"(0.4, 6.2]","(-0.001, 0.2]","(0.4, 6.2]","(-0.001, 0.2]"
Giulia,,"(-0.001, 0.4]","(-0.001, 0.2]","(-0.001, 0.4]","(-0.001, 0.2]"
Giulia,,"(-0.001, 0.4]","(-0.001, 0.2]","(-0.001, 0.4]","(-0.001, 0.2]"
Giulia,,"(-0.001, 0.4]","(-0.001, 0.2]","(-0.001, 0.4]","(-0.001, 0.2]"
Giulia,,"(-0.001, 0.4]","(-0.001, 0.2]","(-0.001, 0.4]","(-0.001, 0.2]"
Giulia,,"(-0.001, 0.4]","(-0.001, 0.2]","(-0.001, 0.4]","(-0.001, 0.2]"
loveartpoke,37.0,"(-0.001, 0.4]","(-0.001, 0.2]","(-0.001, 0.4]","(-0.001, 0.2]"
loveartpoke,37.0,"(-0.001, 0.4]","(-0.001, 0.2]","(-0.001, 0.4]","(-0.001, 0.2]"
loveartpoke,37.0,"(-0.001, 0.4]","(-0.001, 0.2]","(-0.001, 0.4]","(-0.001, 0.2]"
loveartpoke,37.0,"(-0.001, 0.4]","(-0.001, 0.2]","(-0.001, 0.4]","(-0.001, 0.2]"
loveartpoke,37.0,"(-0.001, 0.4]","(-0.001, 0.2]","(-0.001, 0.4]","(-0.001, 0.2]"
CHILACATES,2300.0,"(6.2, 4610.6]","(-0.001, 0.2]","(0.4, 6.2]","(-0.001, 0.2]"
CHILACATES,2300.0,"(0.4, 6.2]","(-0.001, 0.2]","(0.4, 6.2]","(-0.001, 0.2]"
CHILACATES,2300.0,"(0.4, 6.2]","(-0.001, 0.2]","(0.4, 6.2]","(-0.001, 0.2]"
CHILACATES,2300.0,"(0.4, 6.2]","(-0.001, 0.2]","(0.4, 6.2]","(-0.001, 0.2]"
CHILACATES,2300.0,"(0.4, 6.2]","(-0.001, 0.2]","(0.4, 6.2]","(-0.001, 0.2]"
Capo Restaurant,6400.0,"(6.2, 4610.6]","(-0.001, 0.2]","(6.2, 4610.6]","(0.2, 110.2]"
Capo Restaurant,6400.0,"(6.2, 4610.6]","(0.2, 110.2]","(6.2, 4610.6]","(0.2, 110.2]"
Capo Restaurant,6400.0,"(6.2, 4610.6]","(0.2, 110.2]","(0.4, 6.2]","(-0.001, 0.2]"
Capo Restaurant,6400.0,"(0.4, 6.2]","(-0.001, 0.2]","(0.4, 6.2]","(-0.001, 0.2]"
Capo Restaurant,6400.0,"(0.4, 6.2]","(-0.001, 0.2]","(0.4, 6.2]","(-0.001, 0.2]"
Yakitori Totto Boston,75.0,"(-0.001, 0.4]","(-0.001, 0.2]","(-0.001, 0.4]","(-0.001, 0.2]"
Yakitori Totto Boston,75.0,"(-0.001, 0.4]","(-0.001, 0.2]","(-0.001, 0.4]","(-0.001, 0.2]"
Yakitori Totto Boston,75.0,"(-0.001, 0.4]","(-0.001, 0.2]","(-0.001, 0.4]","(-0.001, 0.2]"
Yakitori Totto Boston,75.0,"(-0.001, 0.4]","(-0.001, 0.2]","(-0.001, 0.4]","(-0.001, 0.2]"
Yakitori Totto Boston,75.0,"(-0.001, 0.4]","(-0.001, 0.2]","(-0.001, 0.4]","(-0.001, 0.2]"
SweetCheeksQ,5600.0,"(-0.001, 0.4]","(-0.001, 0.2]","(-0.001, 0.4]","(-0.001, 0.2]"
SweetCheeksQ,5600.0,"(-0.001, 0.4]","(-0.001, 0.2]","(-0.001, 0.4]","(-0.001, 0.2]"
SweetCheeksQ,5600.0,"(-0.001, 0.4]","(-0.001, 0.2]","(-0.001, 0.4]","(-0.001, 0.2]"
SweetCheeksQ,5600.0,"(-0.001, 0.4]","(-0.001, 0.2]","(-0.001, 0.4]","(-0.001, 0.2]"
SweetCheeksQ,5600.0,"(-0.001, 0.4]","(-0.001, 0.2]","(-0.001, 0.4]","(-0.001, 0.2]"
Ebi Sushi,2000.0,"(6.2, 4610.6]","(0.2, 110.2]","(6.2, 4610.6]","(0.2, 110.2]"
Ebi Sushi,2000.0,"(6.2, 4610.6]","(0.2, 110.2]","(0.4, 6.2]","(0.2, 110.2]"
Ebi Sushi,2000.0,"(0.4, 6.2]","(0.2, 110.2]","(6.2, 4610.6]","(0.2, 110.2]"
Ebi Sushi,2000.0,"(6.2, 4610.6]","(0.2, 110.2]","(6.2, 4610.6]","(0.2, 110.2]"
Ebi Sushi,2000.0,"(6.2, 4610.6]","(0.2, 110.2]","(0.4, 6.2]","(-0.001, 0.2]"
North Coast Seafoods,4700.0,"(6.2, 4610.6]","(0.2, 110.2]","(6.2, 4610.6]","(0.2, 110.2]"
North Coast Seafoods,4700.0,"(6.2, 4610.6]","(0.2, 110.2]","(6.2, 4610.6]","(0.2, 110.2]"
North Coast Seafoods,4700.0,"(6.2, 4610.6]","(0.2, 110.2]","(-0.001, 0.4]","(-0.001, 0.2]"
North Coast Seafoods,4700.0,"(-0.001, 0.4]","(-0.001, 0.2]","(6.2, 4610.6]","(0.2, 110.2]"
North Coast Seafoods,4700.0,"(6.2, 4610.6]","(0.2, 110.2]","(6.2, 4610.6]","(0.2, 110.2]"
Blackbird Doughnuts,5300.0,"(0.4, 6.2]","(0.2, 110.2]","(6.2, 4610.6]","(0.2, 110.2]"
Blackbird Doughnuts,5300.0,"(6.2, 4610.6]","(0.2, 110.2]","(6.2, 4610.6]","(0.2, 110.2]"
Blackbird Doughnuts,5300.0,"(6.2, 4610.6]","(0.2, 110.2]","(6.2, 4610.6]","(-0.001, 0.2]"
Blackbird Doughnuts,5300.0,"(6.2, 4610.6]","(-0.001, 0.2]","(6.2, 4610.6]","(-0.001, 0.2]"
Blackbird Doughnuts,5300.0,"(6.2, 4610.6]","(-0.001, 0.2]","(6.2, 4610.6]","(0.2, 110.2]"
Laughing Monk Cafe l Omakase & Tasting Box Togo,942.0,"(6.2, 4610.6]","(0.2, 110.2]","(0.4, 6.2]","(-0.001, 0.2]"
Laughing Monk Cafe l Omakase & Tasting Box Togo,942.0,"(0.4, 6.2]","(-0.001, 0.2]","(0.4, 6.2]","(-0.001, 0.2]"
Laughing Monk Cafe l Omakase & Tasting Box Togo,942.0,"(0.4, 6.2]","(-0.001, 0.2]","(6.2, 4610.6]","(-0.001, 0.2]"
Laughing Monk Cafe l Omakase & Tasting Box Togo,942.0,"(6.2, 4610.6]","(-0.001, 0.2]","(0.4, 6.2]","(-0.001, 0.2]"
Laughing Monk Cafe l Omakase & Tasting Box Togo,942.0,"(0.4, 6.2]","(-0.001, 0.2]","(0.4, 6.2]","(-0.001, 0.2]"
Banyan Bar + Refuge,1200.0,"(0.4, 6.2]","(-0.001, 0.2]","(-0.001, 0.4]","(-0.001, 0.2]"
Banyan Bar + Refuge,1200.0,"(-0.001, 0.4]","(-0.001, 0.2]","(0.4, 6.2]","(-0.001, 0.2]"
Banyan Bar + Refuge,1200.0,"(0.4, 6.2]","(-0.001, 0.2]","(-0.001, 0.4]","(-0.001, 0.2]"
Banyan Bar + Refuge,1200.0,"(-0.001, 0.4]","(-0.001, 0.2]","(-0.001, 0.4]","(-0.001, 0.2]"
Banyan Bar + Refuge,1200.0,"(-0.001, 0.4]","(-0.001, 0.2]","(-0.001, 0.4]","(-0.001, 0.2]"
April 23 Cafe,62.0,"(-0.001, 0.4]","(-0.001, 0.2]","(-0.001, 0.4]","(-0.001, 0.2]"
April 23 Cafe,62.0,"(-0.001, 0.4]","(-0.001, 0.2]","(-0.001, 0.4]","(-0.001, 0.2]"
April 23 Cafe,62.0,"(-0.001, 0.4]","(-0.001, 0.2]","(-0.001, 0.4]","(-0.001, 0.2]"
April 23 Cafe,62.0,"(-0.001, 0.4]","(-0.001, 0.2]","(-0.001, 0.4]","(-0.001, 0.2]"
April 23 Cafe,62.0,"(-0.001, 0.4]","(-0.001, 0.2]","(-0.001, 0.4]","(-0.001, 0.2]"
Umami Omakase,29.0,"(-0.001, 0.4]","(-0.001, 0.2]","(-0.001, 0.4]","(-0.001, 0.2]"
Umami Omakase,29.0,"(-0.001, 0.4]","(-0.001, 0.2]","(-0.001, 0.4]","(-0.001, 0.2]"
Umami Omakase,29.0,"(-0.001, 0.4]","(-0.001, 0.2]","(-0.001, 0.4]","(-0.001, 0.2]"
Umami Omakase,29.0,"(-0.001, 0.4]","(-0.001, 0.2]","(-0.001, 0.4]","(-0.001, 0.2]"
Umami Omakase,29.0,"(-0.001, 0.4]","(-0.001, 0.2]","(-0.001, 0.4]","(-0.001, 0.2]"
Kavaneo Taverana,2600.0,"(6.2, 4610.6]","(-0.001, 0.2]","(0.4, 6.2]","(-0.001, 0.2]"
Kavaneo Taverana,2600.0,"(0.4, 6.2]","(-0.001, 0.2]","(6.2, 4610.6]","(-0.001, 0.2]"
Kavaneo Taverana,2600.0,"(6.2, 4610.6]","(-0.001, 0.2]","(0.4, 6.2]","(0.2, 110.2]"
Kavaneo Taverana,2600.0,"(0.4, 6.2]","(0.2, 110.2]","(6.2, 4610.6]","(-0.001, 0.2]"
Kavaneo Taverana,2600.0,"(6.2, 4610.6]","(-0.001, 0.2]","(6.2, 4610.6]","(0.2, 110.2]"
Tiger Sugar,11000.0,"(0.4, 6.2]","(0.2, 110.2]","(0.4, 6.2]","(0.2, 110.2]"
Tiger Sugar,11000.0,"(0.4, 6.2]","(0.2, 110.2]","(0.4, 6.2]","(-0.001, 0.2]"
Tiger Sugar,11000.0,"(0.4, 6.2]","(-0.001, 0.2]","(6.2, 4610.6]","(0.2, 110.2]"
Tiger Sugar,11000.0,"(6.2, 4610.6]","(0.2, 110.2]","(6.2, 4610.6]","(0.2, 110.2]"
Tiger Sugar,11000.0,"(6.2, 4610.6]","(0.2, 110.2]","(6.2, 4610.6]","(0.2, 110.2]"
Mooo Seaport,,"(-0.001, 0.4]","(-0.001, 0.2]","(-0.001, 0.4]","(-0.001, 0.2]"
Mooo Seaport,,"(-0.001, 0.4]","(-0.001, 0.2]","(-0.001, 0.4]","(-0.001, 0.2]"
Mooo Seaport,,"(-0.001, 0.4]","(-0.001, 0.2]","(-0.001, 0.4]","(-0.001, 0.2]"
Mooo Seaport,,"(-0.001, 0.4]","(-0.001, 0.2]","(-0.001, 0.4]","(-0.001, 0.2]"
Mooo Seaport,,"(-0.001, 0.4]","(-0.001, 0.2]","(-0.001, 0.4]","(-0.001, 0.2]"
Uni Boston,4500.0,"(-0.001, 0.4]","(-0.001, 0.2]","(-0.001, 0.4]","(-0.001, 0.2]"
Uni Boston,4500.0,"(-0.001, 0.4]","(-0.001, 0.2]","(-0.001, 0.4]","(-0.001, 0.2]"
Uni Boston,4500.0,"(-0.001, 0.4]","(-0.001, 0.2]","(-0.001, 0.4]","(-0.001, 0.2]"
Uni Boston,4500.0,"(-0.001, 0.4]","(-0.001, 0.2]","(-0.001, 0.4]","(-0.001, 0.2]"
Uni Boston,4500.0,"(-0.001, 0.4]","(-0.001, 0.2]","(-0.001, 0.4]","(-0.001, 0.2]"
Bartaco,,"(-0.001, 0.4]","(-0.001, 0.2]","(-0.001, 0.4]","(-0.001, 0.2]"
Bartaco,,"(-0.001, 0.4]","(-0.001, 0.2]","(-0.001, 0.4]","(-0.001, 0.2]"
Bartaco,,"(-0.001, 0.4]","(-0.001, 0.2]","(-0.001, 0.4]","(-0.001, 0.2]"
Bartaco,,"(-0.001, 0.4]","(-0.001, 0.2]","(-0.001, 0.4]","(-0.001, 0.2]"
Bartaco,,"(-0.001, 0.4]","(-0.001, 0.2]","(-0.001, 0.4]","(-0.001, 0.2]"
Tsurutontan East,610.0,"(0.4, 6.2]","(-0.001, 0.2]","(0.4, 6.2]","(-0.001, 0.2]"
Tsurutontan East,610.0,"(0.4, 6.2]","(-0.001, 0.2]","(0.4, 6.2]","(-0.001, 0.2]"
Tsurutontan East,610.0,"(0.4, 6.2]","(-0.001, 0.2]","(0.4, 6.2]","(-0.001, 0.2]"
Tsurutontan East,610.0,"(0.4, 6.2]","(-0.001, 0.2]","(-0.001, 0.4]","(-0.001, 0.2]"
Tsurutontan East,610.0,"(-0.001, 0.4]","(-0.001, 0.2]","(-0.001, 0.4]","(-0.001, 0.2]"
The Daily Catch,2200.0,"(6.2, 4610.6]","(0.2, 110.2]","(6.2, 4610.6]","(0.2, 110.2]"
The Daily Catch,2200.0,"(6.2, 4610.6]","(0.2, 110.2]","(-0.001, 0.4]","(-0.001, 0.2]"
The Daily Catch,2200.0,"(-0.001, 0.4]","(-0.001, 0.2]","(6.2, 4610.6]","(0.2, 110.2]"
The Daily Catch,2200.0,"(6.2, 4610.6]","(0.2, 110.2]","(0.4, 6.2]","(0.2, 110.2]"
The Daily Catch,2200.0,"(0.4, 6.2]","(0.2, 110.2]","(0.4, 6.2]","(0.2, 110.2]"
Sugar & Spice ,1000.0,"(-0.001, 0.4]","(-0.001, 0.2]","(-0.001, 0.4]","(-0.001, 0.2]"
Sugar & Spice ,1000.0,"(-0.001, 0.4]","(-0.001, 0.2]","(-0.001, 0.4]","(-0.001, 0.2]"
Sugar & Spice ,1000.0,"(-0.001, 0.4]","(-0.001, 0.2]","(-0.001, 0.4]","(-0.001, 0.2]"
Sugar & Spice ,1000.0,"(-0.001, 0.4]","(-0.001, 0.2]","(6.2, 4610.6]","(-0.001, 0.2]"
Sugar & Spice ,1000.0,"(6.2, 4610.6]","(-0.001, 0.2]","(6.2, 4610.6]","(0.2, 110.2]"
Saloniki Greek,2000.0,"(0.4, 6.2]","(0.2, 110.2]","(0.4, 6.2]","(-0.001, 0.2]"
Saloniki Greek,2000.0,"(0.4, 6.2]","(-0.001, 0.2]","(0.4, 6.2]","(0.2, 110.2]"
Saloniki Greek,2000.0,"(0.4, 6.2]","(0.2, 110.2]","(0.4, 6.2]","(-0.001, 0.2]"
Saloniki Greek,2000.0,"(0.4, 6.2]","(-0.001, 0.2]","(0.4, 6.2]","(-0.001, 0.2]"
Saloniki Greek,2000.0,"(0.4, 6.2]","(-0.001, 0.2]","(0.4, 6.2]","(-0.001, 0.2]"
Red Lentil watertown,5300.0,"(6.2, 4610.6]","(0.2, 110.2]","(-0.001, 0.4]","(-0.001, 0.2]"
Red Lentil watertown,5300.0,"(-0.001, 0.4]","(-0.001, 0.2]","(6.2, 4610.6]","(0.2, 110.2]"
Red Lentil watertown,5300.0,"(6.2, 4610.6]","(0.2, 110.2]","(6.2, 4610.6]","(0.2, 110.2]"
Red Lentil watertown,5300.0,"(6.2, 4610.6]","(0.2, 110.2]","(6.2, 4610.6]","(-0.001, 0.2]"
Red Lentil watertown,5300.0,"(6.2, 4610.6]","(-0.001, 0.2]","(6.2, 4610.6]","(0.2, 110.2]"
PURO ceviche bar,931.0,"(-0.001, 0.4]","(-0.001, 0.2]","(-0.001, 0.4]","(-0.001, 0.2]"
PURO ceviche bar,931.0,"(-0.001, 0.4]","(-0.001, 0.2]","(-0.001, 0.4]","(-0.001, 0.2]"
PURO ceviche bar,931.0,"(-0.001, 0.4]","(-0.001, 0.2]","(-0.001, 0.4]","(-0.001, 0.2]"
PURO ceviche bar,931.0,"(-0.001, 0.4]","(-0.001, 0.2]","(-0.001, 0.4]","(-0.001, 0.2]"
PURO ceviche bar,931.0,"(-0.001, 0.4]","(-0.001, 0.2]","(-0.001, 0.4]","(-0.001, 0.2]"
Parla,3200.0,"(-0.001, 0.4]","(-0.001, 0.2]","(-0.001, 0.4]","(-0.001, 0.2]"
Parla,3200.0,"(-0.001, 0.4]","(-0.001, 0.2]","(-0.001, 0.4]","(-0.001, 0.2]"
Parla,3200.0,"(-0.001, 0.4]","(-0.001, 0.2]","(-0.001, 0.4]","(-0.001, 0.2]"
Parla,3200.0,"(-0.001, 0.4]","(-0.001, 0.2]","(-0.001, 0.4]","(-0.001, 0.2]"
Parla,3200.0,"(-0.001, 0.4]","(-0.001, 0.2]","(-0.001, 0.4]","(-0.001, 0.2]"
Temazcal Tequila Cantina,5400.0,"(-0.001, 0.4]","(-0.001, 0.2]","(-0.001, 0.4]","(-0.001, 0.2]"
Temazcal Tequila Cantina,5400.0,"(-0.001, 0.4]","(-0.001, 0.2]","(-0.001, 0.4]","(-0.001, 0.2]"
Temazcal Tequila Cantina,5400.0,"(-0.001, 0.4]","(-0.001, 0.2]","(-0.001, 0.4]","(-0.001, 0.2]"
Temazcal Tequila Cantina,5400.0,"(-0.001, 0.4]","(-0.001, 0.2]","(-0.001, 0.4]","(-0.001, 0.2]"
Temazcal Tequila Cantina,5400.0,"(-0.001, 0.4]","(-0.001, 0.2]","(-0.001, 0.4]","(-0.001, 0.2]"
Citrus & Salt,3000.0,"(-0.001, 0.4]","(-0.001, 0.2]","(-0.001, 0.4]","(-0.001, 0.2]"
Citrus & Salt,3000.0,"(-0.001, 0.4]","(-0.001, 0.2]","(-0.001, 0.4]","(-0.001, 0.2]"
Citrus & Salt,3000.0,"(-0.001, 0.4]","(-0.001, 0.2]","(-0.001, 0.4]","(-0.001, 0.2]"
Citrus & Salt,3000.0,"(-0.001, 0.4]","(-0.001, 0.2]","(-0.001, 0.4]","(-0.001, 0.2]"
Citrus & Salt,3000.0,"(-0.001, 0.4]","(-0.001, 0.2]","(-0.001, 0.4]","(-0.001, 0.2]"
La Colombe Coffee Roasters,59000.0,"(6.2, 4610.6]","(0.2, 110.2]","(6.2, 4610.6]","(0.2, 110.2]"
La Colombe Coffee Roasters,59000.0,"(6.2, 4610.6]","(0.2, 110.2]","(6.2, 4610.6]","(0.2, 110.2]"
La Colombe Coffee Roasters,59000.0,"(6.2, 4610.6]","(0.2, 110.2]","(6.2, 4610.6]","(0.2, 110.2]"
La Colombe Coffee Roasters,59000.0,"(6.2, 4610.6]","(0.2, 110.2]","(6.2, 4610.6]","(0.2, 110.2]"
La Colombe Coffee Roasters,59000.0,"(6.2, 4610.6]","(0.2, 110.2]","(6.2, 4610.6]","(0.2, 110.2]"
Ruckus,608.0,"(-0.001, 0.4]","(-0.001, 0.2]","(-0.001, 0.4]","(-0.001, 0.2]"
Ruckus,608.0,"(-0.001, 0.4]","(-0.001, 0.2]","(0.4, 6.2]","(-0.001, 0.2]"
Ruckus,608.0,"(0.4, 6.2]","(-0.001, 0.2]","(-0.001, 0.4]","(-0.001, 0.2]"
Ruckus,608.0,"(-0.001, 0.4]","(-0.001, 0.2]","(0.4, 6.2]","(-0.001, 0.2]"
Ruckus,608.0,"(0.4, 6.2]","(-0.001, 0.2]","(-0.001, 0.4]","(-0.001, 0.2]"
Area Four,5800.0,"(0.4, 6.2]","(0.2, 110.2]","(0.4, 6.2]","(-0.001, 0.2]"
Area Four,5800.0,"(0.4, 6.2]","(-0.001, 0.2]","(0.4, 6.2]","(0.2, 110.2]"
Area Four,5800.0,"(0.4, 6.2]","(0.2, 110.2]","(0.4, 6.2]","(0.2, 110.2]"
Area Four,5800.0,"(0.4, 6.2]","(0.2, 110.2]","(0.4, 6.2]","(0.2, 110.2]"
Area Four,5800.0,"(0.4, 6.2]","(0.2, 110.2]","(0.4, 6.2]","(0.2, 110.2]"
Toro Boston,44.0,"(6.2, 4610.6]","(0.2, 110.2]","(6.2, 4610.6]","(-0.001, 0.2]"
Toro Boston,44.0,"(6.2, 4610.6]","(-0.001, 0.2]","(6.2, 4610.6]","(0.2, 110.2]"
Toro Boston,44.0,"(6.2, 4610.6]","(0.2, 110.2]","(6.2, 4610.6]","(0.2, 110.2]"
Toro Boston,44.0,"(6.2, 4610.6]","(0.2, 110.2]","(6.2, 4610.6]","(0.2, 110.2]"
Toro Boston,44.0,"(6.2, 4610.6]","(0.2, 110.2]","(6.2, 4610.6]","(0.2, 110.2]"
George Howell Coffee,6100.0,"(6.2, 4610.6]","(0.2, 110.2]","(6.2, 4610.6]","(-0.001, 0.2]"
George Howell Coffee,6100.0,"(6.2, 4610.6]","(-0.001, 0.2]","(6.2, 4610.6]","(-0.001, 0.2]"
George Howell Coffee,6100.0,"(6.2, 4610.6]","(-0.001, 0.2]","(6.2, 4610.6]","(0.2, 110.2]"
George Howell Coffee,6100.0,"(6.2, 4610.6]","(0.2, 110.2]","(6.2, 4610.6]","(-0.001, 0.2]"
George Howell Coffee,6100.0,"(6.2, 4610.6]","(-0.001, 0.2]","(6.2, 4610.6]","(0.2, 110.2]"
Bar Mezzana,2300.0,"(6.2, 4610.6]","(0.2, 110.2]","(6.2, 4610.6]","(-0.001, 0.2]"
Bar Mezzana,2300.0,"(6.2, 4610.6]","(-0.001, 0.2]","(6.2, 4610.6]","(0.2, 110.2]"
Bar Mezzana,2300.0,"(6.2, 4610.6]","(0.2, 110.2]","(6.2, 4610.6]","(0.2, 110.2]"
Bar Mezzana,2300.0,"(6.2, 4610.6]","(0.2, 110.2]","(6.2, 4610.6]","(0.2, 110.2]"
Bar Mezzana,2300.0,"(6.2, 4610.6]","(0.2, 110.2]","(6.2, 4610.6]","(0.2, 110.2]"
Ink Block Boston,2000.0,"(-0.001, 0.4]","(-0.001, 0.2]","(-0.001, 0.4]","(-0.001, 0.2]"
Ink Block Boston,2000.0,"(-0.001, 0.4]","(-0.001, 0.2]","(-0.001, 0.4]","(-0.001, 0.2]"
Ink Block Boston,2000.0,"(-0.001, 0.4]","(-0.001, 0.2]","(-0.001, 0.4]","(-0.001, 0.2]"
Ink Block Boston,2000.0,"(-0.001, 0.4]","(-0.001, 0.2]","(-0.001, 0.4]","(-0.001, 0.2]"
Ink Block Boston,2000.0,"(-0.001, 0.4]","(-0.001, 0.2]","(-0.001, 0.4]","(-0.001, 0.2]"
Oishii Boston,1800.0,"(-0.001, 0.4]","(-0.001, 0.2]","(-0.001, 0.4]","(-0.001, 0.2]"
Oishii Boston,1800.0,"(-0.001, 0.4]","(-0.001, 0.2]","(-0.001, 0.4]","(-0.001, 0.2]"
Oishii Boston,1800.0,"(-0.001, 0.4]","(-0.001, 0.2]","(-0.001, 0.4]","(-0.001, 0.2]"
Oishii Boston,1800.0,"(-0.001, 0.4]","(-0.001, 0.2]","(-0.001, 0.4]","(-0.001, 0.2]"
Oishii Boston,1800.0,"(-0.001, 0.4]","(-0.001, 0.2]","(-0.001, 0.4]","(-0.001, 0.2]"
Crudo Boston,1400.0,"(-0.001, 0.4]","(-0.001, 0.2]","(-0.001, 0.4]","(-0.001, 0.2]"
Crudo Boston,1400.0,"(-0.001, 0.4]","(-0.001, 0.2]","(-0.001, 0.4]","(-0.001, 0.2]"
Crudo Boston,1400.0,"(-0.001, 0.4]","(-0.001, 0.2]","(-0.001, 0.4]","(-0.001, 0.2]"
Crudo Boston,1400.0,"(-0.001, 0.4]","(-0.001, 0.2]","(-0.001, 0.4]","(-0.001, 0.2]"
Crudo Boston,1400.0,"(-0.001, 0.4]","(-0.001, 0.2]","(-0.001, 0.4]","(-0.001, 0.2]"
Meimei dumplings,5500.0,"(6.2, 4610.6]","(0.2, 110.2]","(6.2, 4610.6]","(0.2, 110.2]"
Meimei dumplings,5500.0,"(6.2, 4610.6]","(0.2, 110.2]","(6.2, 4610.6]","(0.2, 110.2]"
Meimei dumplings,5500.0,"(6.2, 4610.6]","(0.2, 110.2]","(6.2, 4610.6]","(0.2, 110.2]"
Meimei dumplings,5500.0,"(6.2, 4610.6]","(0.2, 110.2]","(6.2, 4610.6]","(0.2, 110.2]"
Meimei dumplings,5500.0,"(6.2, 4610.6]","(0.2, 110.2]","(6.2, 4610.6]","(0.2, 110.2]"
Paramount Southie,1800.0,"(-0.001, 0.4]","(-0.001, 0.2]","(-0.001, 0.4]","(-0.001, 0.2]"
Paramount Southie,1800.0,"(-0.001, 0.4]","(-0.001, 0.2]","(-0.001, 0.4]","(-0.001, 0.2]"
Paramount Southie,1800.0,"(-0.001, 0.4]","(-0.001, 0.2]","(-0.001, 0.4]","(-0.001, 0.2]"
Paramount Southie,1800.0,"(-0.001, 0.4]","(-0.001, 0.2]","(-0.001, 0.4]","(-0.001, 0.2]"
Paramount Southie,1800.0,"(-0.001, 0.4]","(-0.001, 0.2]","(-0.001, 0.4]","(-0.001, 0.2]"
Teado Central,951.0,"(0.4, 6.2]","(-0.001, 0.2]","(0.4, 6.2]","(-0.001, 0.2]"
Teado Central,951.0,"(0.4, 6.2]","(-0.001, 0.2]","(0.4, 6.2]","(0.2, 110.2]"
Teado Central,951.0,"(0.4, 6.2]","(0.2, 110.2]","(-0.001, 0.4]","(-0.001, 0.2]"
Teado Central,951.0,"(-0.001, 0.4]","(-0.001, 0.2]","(-0.001, 0.4]","(-0.001, 0.2]"
Teado Central,951.0,"(-0.001, 0.4]","(-0.001, 0.2]","(-0.001, 0.4]","(-0.001, 0.2]"
Trade Boston,6100.0,"(0.4, 6.2]","(-0.001, 0.2]","(0.4, 6.2]","(-0.001, 0.2]"
Trade Boston,6100.0,"(0.4, 6.2]","(-0.001, 0.2]","(0.4, 6.2]","(-0.001, 0.2]"
Trade Boston,6100.0,"(0.4, 6.2]","(-0.001, 0.2]","(0.4, 6.2]","(-0.001, 0.2]"
Trade Boston,6100.0,"(0.4, 6.2]","(-0.001, 0.2]","(0.4, 6.2]","(-0.001, 0.2]"
Trade Boston,6100.0,"(0.4, 6.2]","(-0.001, 0.2]","(0.4, 6.2]","(-0.001, 0.2]"
