business_name,tiktok_like_range_month_m,tiktok_view_range_month_m,tiktok_comment_range_month_m,tiktok_like_range_month_m_1,tiktok_comment_range_month_m_1,tiktok_view_range_month_m_1
Cafe Luna,"(-0.001, 2.5]","(-0.001, 256.625]","(-0.001, 2.0]","(61.25, 31200.0]","(2.0, 197.0]","(1633.0, 408000.0]"
Cafe Luna,"(61.25, 31200.0]","(1633.0, 408000.0]","(2.0, 197.0]","(2.5, 61.25]","(2.0, 197.0]","(1633.0, 408000.0]"
Cafe Luna,"(2.5, 61.25]","(1633.0, 408000.0]","(2.0, 197.0]","(61.25, 31200.0]","(2.0, 197.0]","(1633.0, 408000.0]"
Cafe Luna,"(61.25, 31200.0]","(1633.0, 408000.0]","(2.0, 197.0]","(61.25, 31200.0]","(2.0, 197.0]","(1633.0, 408000.0]"
Cafe Luna,"(61.25, 31200.0]","(1633.0, 408000.0]","(2.0, 197.0]","(2.5, 61.25]","(-0.001, 2.0]","(1633.0, 408000.0]"
Moona,"(61.25, 31200.0]","(1633.0, 408000.0]","(2.0, 197.0]","(2.5, 61.25]","(2.0, 197.0]","(256.625, 1633.0]"
Moona,"(2.5, 61.25]","(256.625, 1633.0]","(2.0, 197.0]","(61.25, 31200.0]","(2.0, 197.0]","(1633.0, 408000.0]"
Moona,"(61.25, 31200.0]","(1633.0, 408000.0]","(2.0, 197.0]","(-0.001, 2.5]","(-0.001, 2.0]","(-0.001, 256.625]"
Moona,"(-0.001, 2.5]","(-0.001, 256.625]","(-0.001, 2.0]","(2.5, 61.25]","(-0.001, 2.0]","(256.625, 1633.0]"
Moona,"(2.5, 61.25]","(256.625, 1633.0]","(-0.001, 2.0]","(-0.001, 2.5]","(-0.001, 2.0]","(-0.001, 256.625]"
4 Corners Pizza,"(2.5, 61.25]","(256.625, 1633.0]","(-0.001, 2.0]","(61.25, 31200.0]","(2.0, 197.0]","(1633.0, 408000.0]"
4 Corners Pizza,"(61.25, 31200.0]","(1633.0, 408000.0]","(2.0, 197.0]","(61.25, 31200.0]","(2.0, 197.0]","(1633.0, 408000.0]"
4 Corners Pizza,"(61.25, 31200.0]","(1633.0, 408000.0]","(2.0, 197.0]","(61.25, 31200.0]","(2.0, 197.0]","(1633.0, 408000.0]"
4 Corners Pizza,"(61.25, 31200.0]","(1633.0, 408000.0]","(2.0, 197.0]","(-0.001, 2.5]","(-0.001, 2.0]","(-0.001, 256.625]"
4 Corners Pizza,"(-0.001, 2.5]","(-0.001, 256.625]","(-0.001, 2.0]","(2.5, 61.25]","(-0.001, 2.0]","(256.625, 1633.0]"
Hunters,"(2.5, 61.25]","(256.625, 1633.0]","(-0.001, 2.0]","(2.5, 61.25]","(-0.001, 2.0]","(256.625, 1633.0]"
Hunters,"(2.5, 61.25]","(256.625, 1633.0]","(-0.001, 2.0]","(61.25, 31200.0]","(-0.001, 2.0]","(1633.0, 408000.0]"
Hunters,"(61.25, 31200.0]","(1633.0, 408000.0]","(-0.001, 2.0]","(2.5, 61.25]","(-0.001, 2.0]","(256.625, 1633.0]"
Hunters,"(2.5, 61.25]","(256.625, 1633.0]","(-0.001, 2.0]","(-0.001, 2.5]","(-0.001, 2.0]","(-0.001, 256.625]"
Hunters,"(-0.001, 2.5]","(-0.001, 256.625]","(-0.001, 2.0]","(-0.001, 2.5]","(-0.001, 2.0]","(-0.001, 256.625]"
Ruka Resto Bar,"(-0.001, 2.5]","(-0.001, 256.625]","(-0.001, 2.0]","(-0.001, 2.5]","(-0.001, 2.0]","(-0.001, 256.625]"
Ruka Resto Bar,"(-0.001, 2.5]","(-0.001, 256.625]","(-0.001, 2.0]","(-0.001, 2.5]","(-0.001, 2.0]","(-0.001, 256.625]"
Ruka Resto Bar,"(-0.001, 2.5]","(-0.001, 256.625]","(-0.001, 2.0]","(2.5, 61.25]","(-0.001, 2.0]","(256.625, 1633.0]"
Ruka Resto Bar,"(2.5, 61.25]","(256.625, 1633.0]","(-0.001, 2.0]","(61.25, 31200.0]","(-0.001, 2.0]","(1633.0, 408000.0]"
Ruka Resto Bar,"(61.25, 31200.0]","(1633.0, 408000.0]","(-0.001, 2.0]","(2.5, 61.25]","(-0.001, 2.0]","(256.625, 1633.0]"
Committee,"(61.25, 31200.0]","(256.625, 1633.0]","(2.0, 197.0]","(-0.001, 2.5]","(-0.001, 2.0]","(-0.001, 256.625]"
Committee,"(-0.001, 2.5]","(-0.001, 256.625]","(-0.001, 2.0]","(-0.001, 2.5]","(-0.001, 2.0]","(-0.001, 256.625]"
Committee,"(-0.001, 2.5]","(-0.001, 256.625]","(-0.001, 2.0]","(-0.001, 2.5]","(-0.001, 2.0]","(-0.001, 256.625]"
Committee,"(-0.001, 2.5]","(-0.001, 256.625]","(-0.001, 2.0]","(-0.001, 2.5]","(-0.001, 2.0]","(-0.001, 256.625]"
Committee,"(-0.001, 2.5]","(-0.001, 256.625]","(-0.001, 2.0]","(-0.001, 2.5]","(-0.001, 2.0]","(-0.001, 256.625]"
Zuma,"(61.25, 31200.0]","(256.625, 1633.0]","(-0.001, 2.0]","(61.25, 31200.0]","(-0.001, 2.0]","(1633.0, 408000.0]"
Zuma,"(61.25, 31200.0]","(1633.0, 408000.0]","(-0.001, 2.0]","(2.5, 61.25]","(2.0, 197.0]","(1633.0, 408000.0]"
Zuma,"(2.5, 61.25]","(1633.0, 408000.0]","(2.0, 197.0]","(61.25, 31200.0]","(2.0, 197.0]","(1633.0, 408000.0]"
Zuma,"(61.25, 31200.0]","(1633.0, 408000.0]","(2.0, 197.0]","(61.25, 31200.0]","(2.0, 197.0]","(1633.0, 408000.0]"
Zuma,"(61.25, 31200.0]","(1633.0, 408000.0]","(2.0, 197.0]","(61.25, 31200.0]","(-0.001, 2.0]","(1633.0, 408000.0]"
Orleans Bar & Restaurant,"(2.5, 61.25]","(256.625, 1633.0]","(-0.001, 2.0]","(-0.001, 2.5]","(-0.001, 2.0]","(-0.001, 256.625]"
Orleans Bar & Restaurant,"(-0.001, 2.5]","(-0.001, 256.625]","(-0.001, 2.0]","(-0.001, 2.5]","(-0.001, 2.0]","(-0.001, 256.625]"
Orleans Bar & Restaurant,"(-0.001, 2.5]","(-0.001, 256.625]","(-0.001, 2.0]","(-0.001, 2.5]","(-0.001, 2.0]","(-0.001, 256.625]"
Orleans Bar & Restaurant,"(-0.001, 2.5]","(-0.001, 256.625]","(-0.001, 2.0]","(-0.001, 2.5]","(-0.001, 2.0]","(-0.001, 256.625]"
Orleans Bar & Restaurant,"(-0.001, 2.5]","(-0.001, 256.625]","(-0.001, 2.0]","(-0.001, 2.5]","(-0.001, 2.0]","(-0.001, 256.625]"
Nagomi Kenmore,"(-0.001, 2.5]","(-0.001, 256.625]","(-0.001, 2.0]","(-0.001, 2.5]","(-0.001, 2.0]","(-0.001, 256.625]"
Nagomi Kenmore,"(-0.001, 2.5]","(-0.001, 256.625]","(-0.001, 2.0]","(-0.001, 2.5]","(-0.001, 2.0]","(-0.001, 256.625]"
Nagomi Kenmore,"(-0.001, 2.5]","(-0.001, 256.625]","(-0.001, 2.0]","(-0.001, 2.5]","(-0.001, 2.0]","(-0.001, 256.625]"
Nagomi Kenmore,"(-0.001, 2.5]","(-0.001, 256.625]","(-0.001, 2.0]","(2.5, 61.25]","(-0.001, 2.0]","(256.625, 1633.0]"
Nagomi Kenmore,"(2.5, 61.25]","(256.625, 1633.0]","(-0.001, 2.0]","(-0.001, 2.5]","(-0.001, 2.0]","(-0.001, 256.625]"
The Lexington,"(-0.001, 2.5]","(-0.001, 256.625]","(-0.001, 2.0]","(-0.001, 2.5]","(-0.001, 2.0]","(-0.001, 256.625]"
The Lexington,"(-0.001, 2.5]","(-0.001, 256.625]","(-0.001, 2.0]","(-0.001, 2.5]","(-0.001, 2.0]","(-0.001, 256.625]"
The Lexington,"(-0.001, 2.5]","(-0.001, 256.625]","(-0.001, 2.0]","(-0.001, 2.5]","(-0.001, 2.0]","(-0.001, 256.625]"
The Lexington,"(-0.001, 2.5]","(-0.001, 256.625]","(-0.001, 2.0]","(61.25, 31200.0]","(-0.001, 2.0]","(1633.0, 408000.0]"
The Lexington,"(61.25, 31200.0]","(1633.0, 408000.0]","(-0.001, 2.0]","(-0.001, 2.5]","(-0.001, 2.0]","(-0.001, 256.625]"
Bistro du Midi Boston,"(-0.001, 2.5]","(-0.001, 256.625]","(-0.001, 2.0]","(61.25, 31200.0]","(2.0, 197.0]","(256.625, 1633.0]"
Bistro du Midi Boston,"(61.25, 31200.0]","(256.625, 1633.0]","(2.0, 197.0]","(-0.001, 2.5]","(-0.001, 2.0]","(256.625, 1633.0]"
Bistro du Midi Boston,"(-0.001, 2.5]","(256.625, 1633.0]","(-0.001, 2.0]","(2.5, 61.25]","(-0.001, 2.0]","(256.625, 1633.0]"
Bistro du Midi Boston,"(2.5, 61.25]","(256.625, 1633.0]","(-0.001, 2.0]","(-0.001, 2.5]","(-0.001, 2.0]","(-0.001, 256.625]"
Bistro du Midi Boston,"(-0.001, 2.5]","(-0.001, 256.625]","(-0.001, 2.0]","(-0.001, 2.5]","(-0.001, 2.0]","(-0.001, 256.625]"
LoLa 42,"(-0.001, 2.5]","(-0.001, 256.625]","(-0.001, 2.0]","(61.25, 31200.0]","(2.0, 197.0]","(1633.0, 408000.0]"
LoLa 42,"(61.25, 31200.0]","(1633.0, 408000.0]","(2.0, 197.0]","(2.5, 61.25]","(-0.001, 2.0]","(256.625, 1633.0]"
LoLa 42,"(2.5, 61.25]","(256.625, 1633.0]","(-0.001, 2.0]","(-0.001, 2.5]","(-0.001, 2.0]","(-0.001, 256.625]"
LoLa 42,"(-0.001, 2.5]","(-0.001, 256.625]","(-0.001, 2.0]","(2.5, 61.25]","(2.0, 197.0]","(256.625, 1633.0]"
LoLa 42,"(2.5, 61.25]","(256.625, 1633.0]","(2.0, 197.0]","(2.5, 61.25]","(2.0, 197.0]","(256.625, 1633.0]"
No. 9 Park,"(2.5, 61.25]","(256.625, 1633.0]","(-0.001, 2.0]","(2.5, 61.25]","(-0.001, 2.0]","(256.625, 1633.0]"
No. 9 Park,"(2.5, 61.25]","(256.625, 1633.0]","(-0.001, 2.0]","(-0.001, 2.5]","(-0.001, 2.0]","(-0.001, 256.625]"
No. 9 Park,"(-0.001, 2.5]","(-0.001, 256.625]","(-0.001, 2.0]","(-0.001, 2.5]","(-0.001, 2.0]","(-0.001, 256.625]"
No. 9 Park,"(-0.001, 2.5]","(-0.001, 256.625]","(-0.001, 2.0]","(-0.001, 2.5]","(-0.001, 2.0]","(-0.001, 256.625]"
No. 9 Park,"(-0.001, 2.5]","(-0.001, 256.625]","(-0.001, 2.0]","(-0.001, 2.5]","(-0.001, 2.0]","(-0.001, 256.625]"
Stella Cheeses,"(61.25, 31200.0]","(256.625, 1633.0]","(-0.001, 2.0]","(2.5, 61.25]","(-0.001, 2.0]","(256.625, 1633.0]"
Stella Cheeses,"(2.5, 61.25]","(256.625, 1633.0]","(-0.001, 2.0]","(61.25, 31200.0]","(-0.001, 2.0]","(1633.0, 408000.0]"
Stella Cheeses,"(61.25, 31200.0]","(1633.0, 408000.0]","(-0.001, 2.0]","(61.25, 31200.0]","(2.0, 197.0]","(1633.0, 408000.0]"
Stella Cheeses,"(61.25, 31200.0]","(1633.0, 408000.0]","(2.0, 197.0]","(61.25, 31200.0]","(-0.001, 2.0]","(1633.0, 408000.0]"
Stella Cheeses,"(61.25, 31200.0]","(1633.0, 408000.0]","(-0.001, 2.0]","(61.25, 31200.0]","(2.0, 197.0]","(1633.0, 408000.0]"
Bar Vlaha,"(61.25, 31200.0]","(1633.0, 408000.0]","(-0.001, 2.0]","(61.25, 31200.0]","(2.0, 197.0]","(1633.0, 408000.0]"
Bar Vlaha,"(61.25, 31200.0]","(1633.0, 408000.0]","(2.0, 197.0]","(2.5, 61.25]","(-0.001, 2.0]","(256.625, 1633.0]"
Bar Vlaha,"(2.5, 61.25]","(256.625, 1633.0]","(-0.001, 2.0]","(61.25, 31200.0]","(2.0, 197.0]","(1633.0, 408000.0]"
Bar Vlaha,"(61.25, 31200.0]","(1633.0, 408000.0]","(2.0, 197.0]","(61.25, 31200.0]","(2.0, 197.0]","(1633.0, 408000.0]"
Bar Vlaha,"(61.25, 31200.0]","(1633.0, 408000.0]","(2.0, 197.0]","(61.25, 31200.0]","(2.0, 197.0]","(1633.0, 408000.0]"
Levain Bakery,"(-0.001, 2.5]","(-0.001, 256.625]","(-0.001, 2.0]","(-0.001, 2.5]","(-0.001, 2.0]","(-0.001, 256.625]"
Levain Bakery,"(-0.001, 2.5]","(-0.001, 256.625]","(-0.001, 2.0]","(61.25, 31200.0]","(-0.001, 2.0]","(1633.0, 408000.0]"
Levain Bakery,"(61.25, 31200.0]","(1633.0, 408000.0]","(-0.001, 2.0]","(61.25, 31200.0]","(2.0, 197.0]","(1633.0, 408000.0]"
Levain Bakery,"(61.25, 31200.0]","(1633.0, 408000.0]","(2.0, 197.0]","(61.25, 31200.0]","(2.0, 197.0]","(1633.0, 408000.0]"
Levain Bakery,"(61.25, 31200.0]","(1633.0, 408000.0]","(2.0, 197.0]","(61.25, 31200.0]","(-0.001, 2.0]","(1633.0, 408000.0]"
Hood Dairy,"(-0.001, 2.5]","(-0.001, 256.625]","(-0.001, 2.0]","(-0.001, 2.5]","(-0.001, 2.0]","(-0.001, 256.625]"
Hood Dairy,"(-0.001, 2.5]","(-0.001, 256.625]","(-0.001, 2.0]","(-0.001, 2.5]","(-0.001, 2.0]","(-0.001, 256.625]"
Hood Dairy,"(-0.001, 2.5]","(-0.001, 256.625]","(-0.001, 2.0]","(-0.001, 2.5]","(-0.001, 2.0]","(-0.001, 256.625]"
Hood Dairy,"(-0.001, 2.5]","(-0.001, 256.625]","(-0.001, 2.0]","(-0.001, 2.5]","(-0.001, 2.0]","(-0.001, 256.625]"
Hood Dairy,"(-0.001, 2.5]","(-0.001, 256.625]","(-0.001, 2.0]","(-0.001, 2.5]","(-0.001, 2.0]","(-0.001, 256.625]"
Crazy Good Kitchen,"(61.25, 31200.0]","(1633.0, 408000.0]","(2.0, 197.0]","(61.25, 31200.0]","(2.0, 197.0]","(1633.0, 408000.0]"
Crazy Good Kitchen,"(61.25, 31200.0]","(1633.0, 408000.0]","(2.0, 197.0]","(-0.001, 2.5]","(-0.001, 2.0]","(-0.001, 256.625]"
Crazy Good Kitchen,"(-0.001, 2.5]","(-0.001, 256.625]","(-0.001, 2.0]","(61.25, 31200.0]","(2.0, 197.0]","(1633.0, 408000.0]"
Crazy Good Kitchen,"(61.25, 31200.0]","(1633.0, 408000.0]","(2.0, 197.0]","(2.5, 61.25]","(2.0, 197.0]","(256.625, 1633.0]"
Crazy Good Kitchen,"(2.5, 61.25]","(256.625, 1633.0]","(2.0, 197.0]","(61.25, 31200.0]","(2.0, 197.0]","(1633.0, 408000.0]"
Grill 23 & Bar,"(2.5, 61.25]","(256.625, 1633.0]","(-0.001, 2.0]","(-0.001, 2.5]","(-0.001, 2.0]","(-0.001, 256.625]"
Grill 23 & Bar,"(-0.001, 2.5]","(-0.001, 256.625]","(-0.001, 2.0]","(-0.001, 2.5]","(-0.001, 2.0]","(-0.001, 256.625]"
Grill 23 & Bar,"(-0.001, 2.5]","(-0.001, 256.625]","(-0.001, 2.0]","(2.5, 61.25]","(-0.001, 2.0]","(256.625, 1633.0]"
Grill 23 & Bar,"(2.5, 61.25]","(256.625, 1633.0]","(-0.001, 2.0]","(-0.001, 2.5]","(-0.001, 2.0]","(-0.001, 256.625]"
Grill 23 & Bar,"(-0.001, 2.5]","(-0.001, 256.625]","(-0.001, 2.0]","(61.25, 31200.0]","(-0.001, 2.0]","(1633.0, 408000.0]"
Smith & Wollensky,"(-0.001, 2.5]","(-0.001, 256.625]","(-0.001, 2.0]","(61.25, 31200.0]","(2.0, 197.0]","(1633.0, 408000.0]"
Smith & Wollensky,"(61.25, 31200.0]","(1633.0, 408000.0]","(2.0, 197.0]","(61.25, 31200.0]","(2.0, 197.0]","(1633.0, 408000.0]"
Smith & Wollensky,"(61.25, 31200.0]","(1633.0, 408000.0]","(2.0, 197.0]","(2.5, 61.25]","(-0.001, 2.0]","(256.625, 1633.0]"
Smith & Wollensky,"(2.5, 61.25]","(256.625, 1633.0]","(-0.001, 2.0]","(-0.001, 2.5]","(-0.001, 2.0]","(-0.001, 256.625]"
Smith & Wollensky,"(-0.001, 2.5]","(-0.001, 256.625]","(-0.001, 2.0]","(61.25, 31200.0]","(2.0, 197.0]","(1633.0, 408000.0]"
LoLa Burger,"(61.25, 31200.0]","(1633.0, 408000.0]","(2.0, 197.0]","(61.25, 31200.0]","(2.0, 197.0]","(1633.0, 408000.0]"
LoLa Burger,"(61.25, 31200.0]","(1633.0, 408000.0]","(2.0, 197.0]","(-0.001, 2.5]","(-0.001, 2.0]","(-0.001, 256.625]"
LoLa Burger,"(-0.001, 2.5]","(-0.001, 256.625]","(-0.001, 2.0]","(-0.001, 2.5]","(-0.001, 2.0]","(-0.001, 256.625]"
LoLa Burger,"(-0.001, 2.5]","(-0.001, 256.625]","(-0.001, 2.0]","(2.5, 61.25]","(-0.001, 2.0]","(256.625, 1633.0]"
LoLa Burger,"(2.5, 61.25]","(256.625, 1633.0]","(-0.001, 2.0]","(61.25, 31200.0]","(2.0, 197.0]","(1633.0, 408000.0]"
Woods Hill Pier 4,"(61.25, 31200.0]","(1633.0, 408000.0]","(-0.001, 2.0]","(61.25, 31200.0]","(-0.001, 2.0]","(1633.0, 408000.0]"
Woods Hill Pier 4,"(61.25, 31200.0]","(1633.0, 408000.0]","(-0.001, 2.0]","(-0.001, 2.5]","(-0.001, 2.0]","(-0.001, 256.625]"
Woods Hill Pier 4,"(-0.001, 2.5]","(-0.001, 256.625]","(-0.001, 2.0]","(61.25, 31200.0]","(2.0, 197.0]","(1633.0, 408000.0]"
Woods Hill Pier 4,"(61.25, 31200.0]","(1633.0, 408000.0]","(2.0, 197.0]","(61.25, 31200.0]","(2.0, 197.0]","(1633.0, 408000.0]"
Woods Hill Pier 4,"(61.25, 31200.0]","(1633.0, 408000.0]","(2.0, 197.0]","(2.5, 61.25]","(-0.001, 2.0]","(1633.0, 408000.0]"
Petit Robert Bistro,"(-0.001, 2.5]","(-0.001, 256.625]","(-0.001, 2.0]","(61.25, 31200.0]","(2.0, 197.0]","(1633.0, 408000.0]"
Petit Robert Bistro,"(61.25, 31200.0]","(1633.0, 408000.0]","(2.0, 197.0]","(-0.001, 2.5]","(-0.001, 2.0]","(-0.001, 256.625]"
Petit Robert Bistro,"(-0.001, 2.5]","(-0.001, 256.625]","(-0.001, 2.0]","(-0.001, 2.5]","(-0.001, 2.0]","(-0.001, 256.625]"
Petit Robert Bistro,"(-0.001, 2.5]","(-0.001, 256.625]","(-0.001, 2.0]","(61.25, 31200.0]","(2.0, 197.0]","(1633.0, 408000.0]"
Petit Robert Bistro,"(61.25, 31200.0]","(1633.0, 408000.0]","(2.0, 197.0]","(-0.001, 2.5]","(-0.001, 2.0]","(-0.001, 256.625]"
The Dial,"(2.5, 61.25]","(256.625, 1633.0]","(-0.001, 2.0]","(-0.001, 2.5]","(-0.001, 2.0]","(-0.001, 256.625]"
The Dial,"(-0.001, 2.5]","(-0.001, 256.625]","(-0.001, 2.0]","(-0.001, 2.5]","(-0.001, 2.0]","(-0.001, 256.625]"
The Dial,"(-0.001, 2.5]","(-0.001, 256.625]","(-0.001, 2.0]","(-0.001, 2.5]","(-0.001, 2.0]","(256.625, 1633.0]"
The Dial,"(-0.001, 2.5]","(256.625, 1633.0]","(-0.001, 2.0]","(2.5, 61.25]","(2.0, 197.0]","(256.625, 1633.0]"
The Dial,"(2.5, 61.25]","(256.625, 1633.0]","(2.0, 197.0]","(61.25, 31200.0]","(-0.001, 2.0]","(1633.0, 408000.0]"
Blue Owl Central Square,"(-0.001, 2.5]","(-0.001, 256.625]","(-0.001, 2.0]","(-0.001, 2.5]","(-0.001, 2.0]","(-0.001, 256.625]"
Blue Owl Central Square,"(-0.001, 2.5]","(-0.001, 256.625]","(-0.001, 2.0]","(61.25, 31200.0]","(2.0, 197.0]","(1633.0, 408000.0]"
Blue Owl Central Square,"(61.25, 31200.0]","(1633.0, 408000.0]","(2.0, 197.0]","(-0.001, 2.5]","(-0.001, 2.0]","(-0.001, 256.625]"
Blue Owl Central Square,"(-0.001, 2.5]","(-0.001, 256.625]","(-0.001, 2.0]","(2.5, 61.25]","(-0.001, 2.0]","(256.625, 1633.0]"
Blue Owl Central Square,"(2.5, 61.25]","(256.625, 1633.0]","(-0.001, 2.0]","(61.25, 31200.0]","(-0.001, 2.0]","(1633.0, 408000.0]"
Yellow Door Taqueria,"(2.5, 61.25]","(1633.0, 408000.0]","(-0.001, 2.0]","(2.5, 61.25]","(2.0, 197.0]","(256.625, 1633.0]"
Yellow Door Taqueria,"(2.5, 61.25]","(256.625, 1633.0]","(2.0, 197.0]","(61.25, 31200.0]","(2.0, 197.0]","(1633.0, 408000.0]"
Yellow Door Taqueria,"(61.25, 31200.0]","(1633.0, 408000.0]","(2.0, 197.0]","(2.5, 61.25]","(-0.001, 2.0]","(256.625, 1633.0]"
Yellow Door Taqueria,"(2.5, 61.25]","(256.625, 1633.0]","(-0.001, 2.0]","(2.5, 61.25]","(-0.001, 2.0]","(256.625, 1633.0]"
Yellow Door Taqueria,"(2.5, 61.25]","(256.625, 1633.0]","(-0.001, 2.0]","(61.25, 31200.0]","(-0.001, 2.0]","(1633.0, 408000.0]"
Bar 'Cino,"(2.5, 61.25]","(256.625, 1633.0]","(-0.001, 2.0]","(-0.001, 2.5]","(-0.001, 2.0]","(-0.001, 256.625]"
Bar 'Cino,"(-0.001, 2.5]","(-0.001, 256.625]","(-0.001, 2.0]","(2.5, 61.25]","(-0.001, 2.0]","(256.625, 1633.0]"
Bar 'Cino,"(2.5, 61.25]","(256.625, 1633.0]","(-0.001, 2.0]","(2.5, 61.25]","(-0.001, 2.0]","(1633.0, 408000.0]"
Bar 'Cino,"(2.5, 61.25]","(1633.0, 408000.0]","(-0.001, 2.0]","(61.25, 31200.0]","(2.0, 197.0]","(1633.0, 408000.0]"
Bar 'Cino,"(61.25, 31200.0]","(1633.0, 408000.0]","(2.0, 197.0]","(-0.001, 2.5]","(-0.001, 2.0]","(-0.001, 256.625]"
Tradesman Coffee Shop & Lounge,"(61.25, 31200.0]","(1633.0, 408000.0]","(2.0, 197.0]","(2.5, 61.25]","(-0.001, 2.0]","(256.625, 1633.0]"
Tradesman Coffee Shop & Lounge,"(2.5, 61.25]","(256.625, 1633.0]","(-0.001, 2.0]","(61.25, 31200.0]","(-0.001, 2.0]","(256.625, 1633.0]"
Tradesman Coffee Shop & Lounge,"(61.25, 31200.0]","(256.625, 1633.0]","(-0.001, 2.0]","(-0.001, 2.5]","(-0.001, 2.0]","(-0.001, 256.625]"
Tradesman Coffee Shop & Lounge,"(-0.001, 2.5]","(-0.001, 256.625]","(-0.001, 2.0]","(2.5, 61.25]","(-0.001, 2.0]","(256.625, 1633.0]"
Tradesman Coffee Shop & Lounge,"(2.5, 61.25]","(256.625, 1633.0]","(-0.001, 2.0]","(2.5, 61.25]","(-0.001, 2.0]","(256.625, 1633.0]"
Bakey Babka,"(61.25, 31200.0]","(1633.0, 408000.0]","(2.0, 197.0]","(61.25, 31200.0]","(-0.001, 2.0]","(1633.0, 408000.0]"
Bakey Babka,"(61.25, 31200.0]","(1633.0, 408000.0]","(-0.001, 2.0]","(61.25, 31200.0]","(2.0, 197.0]","(256.625, 1633.0]"
Bakey Babka,"(61.25, 31200.0]","(256.625, 1633.0]","(2.0, 197.0]","(-0.001, 2.5]","(-0.001, 2.0]","(-0.001, 256.625]"
Bakey Babka,"(-0.001, 2.5]","(-0.001, 256.625]","(-0.001, 2.0]","(2.5, 61.25]","(-0.001, 2.0]","(256.625, 1633.0]"
Bakey Babka,"(2.5, 61.25]","(256.625, 1633.0]","(-0.001, 2.0]","(-0.001, 2.5]","(-0.001, 2.0]","(-0.001, 256.625]"
Delini Gelato Boston,"(-0.001, 2.5]","(-0.001, 256.625]","(-0.001, 2.0]","(-0.001, 2.5]","(-0.001, 2.0]","(-0.001, 256.625]"
Delini Gelato Boston,"(-0.001, 2.5]","(-0.001, 256.625]","(-0.001, 2.0]","(-0.001, 2.5]","(-0.001, 2.0]","(-0.001, 256.625]"
Delini Gelato Boston,"(-0.001, 2.5]","(-0.001, 256.625]","(-0.001, 2.0]","(-0.001, 2.5]","(-0.001, 2.0]","(-0.001, 256.625]"
Delini Gelato Boston,"(-0.001, 2.5]","(-0.001, 256.625]","(-0.001, 2.0]","(2.5, 61.25]","(-0.001, 2.0]","(256.625, 1633.0]"
Delini Gelato Boston,"(2.5, 61.25]","(256.625, 1633.0]","(-0.001, 2.0]","(-0.001, 2.5]","(-0.001, 2.0]","(-0.001, 256.625]"
Umbria Steakhouse & Roofdeck,"(61.25, 31200.0]","(1633.0, 408000.0]","(-0.001, 2.0]","(-0.001, 2.5]","(-0.001, 2.0]","(-0.001, 256.625]"
Umbria Steakhouse & Roofdeck,"(-0.001, 2.5]","(-0.001, 256.625]","(-0.001, 2.0]","(-0.001, 2.5]","(-0.001, 2.0]","(-0.001, 256.625]"
Umbria Steakhouse & Roofdeck,"(-0.001, 2.5]","(-0.001, 256.625]","(-0.001, 2.0]","(2.5, 61.25]","(-0.001, 2.0]","(256.625, 1633.0]"
Umbria Steakhouse & Roofdeck,"(2.5, 61.25]","(256.625, 1633.0]","(-0.001, 2.0]","(61.25, 31200.0]","(2.0, 197.0]","(1633.0, 408000.0]"
Umbria Steakhouse & Roofdeck,"(61.25, 31200.0]","(1633.0, 408000.0]","(2.0, 197.0]","(2.5, 61.25]","(-0.001, 2.0]","(256.625, 1633.0]"
Davio's Northern Italian Steakhouse,"(61.25, 31200.0]","(1633.0, 408000.0]","(2.0, 197.0]","(-0.001, 2.5]","(-0.001, 2.0]","(-0.001, 256.625]"
Davio's Northern Italian Steakhouse,"(-0.001, 2.5]","(-0.001, 256.625]","(-0.001, 2.0]","(61.25, 31200.0]","(2.0, 197.0]","(1633.0, 408000.0]"
Davio's Northern Italian Steakhouse,"(61.25, 31200.0]","(1633.0, 408000.0]","(2.0, 197.0]","(2.5, 61.25]","(2.0, 197.0]","(1633.0, 408000.0]"
Davio's Northern Italian Steakhouse,"(2.5, 61.25]","(1633.0, 408000.0]","(2.0, 197.0]","(2.5, 61.25]","(-0.001, 2.0]","(256.625, 1633.0]"
Davio's Northern Italian Steakhouse,"(2.5, 61.25]","(256.625, 1633.0]","(-0.001, 2.0]","(2.5, 61.25]","(-0.001, 2.0]","(256.625, 1633.0]"
MEX,"(2.5, 61.25]","(256.625, 1633.0]","(-0.001, 2.0]","(2.5, 61.25]","(-0.001, 2.0]","(256.625, 1633.0]"
MEX,"(2.5, 61.25]","(256.625, 1633.0]","(-0.001, 2.0]","(-0.001, 2.5]","(-0.001, 2.0]","(-0.001, 256.625]"
MEX,"(-0.001, 2.5]","(-0.001, 256.625]","(-0.001, 2.0]","(-0.001, 2.5]","(-0.001, 2.0]","(-0.001, 256.625]"
MEX,"(-0.001, 2.5]","(-0.001, 256.625]","(-0.001, 2.0]","(61.25, 31200.0]","(2.0, 197.0]","(1633.0, 408000.0]"
MEX,"(61.25, 31200.0]","(1633.0, 408000.0]","(2.0, 197.0]","(2.5, 61.25]","(-0.001, 2.0]","(256.625, 1633.0]"
W Boston,"(-0.001, 2.5]","(-0.001, 256.625]","(-0.001, 2.0]","(61.25, 31200.0]","(2.0, 197.0]","(1633.0, 408000.0]"
W Boston,"(61.25, 31200.0]","(1633.0, 408000.0]","(2.0, 197.0]","(61.25, 31200.0]","(2.0, 197.0]","(1633.0, 408000.0]"
W Boston,"(61.25, 31200.0]","(1633.0, 408000.0]","(2.0, 197.0]","(-0.001, 2.5]","(-0.001, 2.0]","(-0.001, 256.625]"
W Boston,"(-0.001, 2.5]","(-0.001, 256.625]","(-0.001, 2.0]","(61.25, 31200.0]","(-0.001, 2.0]","(1633.0, 408000.0]"
W Boston,"(61.25, 31200.0]","(1633.0, 408000.0]","(-0.001, 2.0]","(-0.001, 2.5]","(-0.001, 2.0]","(-0.001, 256.625]"
Oath Pizza,"(61.25, 31200.0]","(256.625, 1633.0]","(2.0, 197.0]","(2.5, 61.25]","(2.0, 197.0]","(256.625, 1633.0]"
Oath Pizza,"(2.5, 61.25]","(256.625, 1633.0]","(2.0, 197.0]","(-0.001, 2.5]","(-0.001, 2.0]","(-0.001, 256.625]"
Oath Pizza,"(-0.001, 2.5]","(-0.001, 256.625]","(-0.001, 2.0]","(61.25, 31200.0]","(2.0, 197.0]","(1633.0, 408000.0]"
Oath Pizza,"(61.25, 31200.0]","(1633.0, 408000.0]","(2.0, 197.0]","(2.5, 61.25]","(-0.001, 2.0]","(256.625, 1633.0]"
Oath Pizza,"(2.5, 61.25]","(256.625, 1633.0]","(-0.001, 2.0]","(-0.001, 2.5]","(-0.001, 2.0]","(-0.001, 256.625]"
VESTER,"(61.25, 31200.0]","(1633.0, 408000.0]","(2.0, 197.0]","(-0.001, 2.5]","(-0.001, 2.0]","(-0.001, 256.625]"
VESTER,"(-0.001, 2.5]","(-0.001, 256.625]","(-0.001, 2.0]","(61.25, 31200.0]","(2.0, 197.0]","(1633.0, 408000.0]"
VESTER,"(61.25, 31200.0]","(1633.0, 408000.0]","(2.0, 197.0]","(61.25, 31200.0]","(2.0, 197.0]","(1633.0, 408000.0]"
VESTER,"(61.25, 31200.0]","(1633.0, 408000.0]","(2.0, 197.0]","(61.25, 31200.0]","(2.0, 197.0]","(256.625, 1633.0]"
VESTER,"(61.25, 31200.0]","(256.625, 1633.0]","(2.0, 197.0]","(-0.001, 2.5]","(-0.001, 2.0]","(-0.001, 256.625]"
JOIA Ristorante & Lounge,"(61.25, 31200.0]","(1633.0, 408000.0]","(2.0, 197.0]","(61.25, 31200.0]","(2.0, 197.0]","(1633.0, 408000.0]"
JOIA Ristorante & Lounge,"(61.25, 31200.0]","(1633.0, 408000.0]","(2.0, 197.0]","(61.25, 31200.0]","(2.0, 197.0]","(1633.0, 408000.0]"
JOIA Ristorante & Lounge,"(61.25, 31200.0]","(1633.0, 408000.0]","(2.0, 197.0]","(61.25, 31200.0]","(-0.001, 2.0]","(1633.0, 408000.0]"
JOIA Ristorante & Lounge,"(61.25, 31200.0]","(1633.0, 408000.0]","(-0.001, 2.0]","(61.25, 31200.0]","(-0.001, 2.0]","(1633.0, 408000.0]"
JOIA Ristorante & Lounge,"(61.25, 31200.0]","(1633.0, 408000.0]","(-0.001, 2.0]","(2.5, 61.25]","(-0.001, 2.0]","(1633.0, 408000.0]"
Shiki Shabu Shabu,"(-0.001, 2.5]","(-0.001, 256.625]","(-0.001, 2.0]","(-0.001, 2.5]","(-0.001, 2.0]","(-0.001, 256.625]"
Shiki Shabu Shabu,"(-0.001, 2.5]","(-0.001, 256.625]","(-0.001, 2.0]","(-0.001, 2.5]","(-0.001, 2.0]","(-0.001, 256.625]"
Shiki Shabu Shabu,"(-0.001, 2.5]","(-0.001, 256.625]","(-0.001, 2.0]","(-0.001, 2.5]","(-0.001, 2.0]","(-0.001, 256.625]"
Shiki Shabu Shabu,"(-0.001, 2.5]","(-0.001, 256.625]","(-0.001, 2.0]","(-0.001, 2.5]","(-0.001, 2.0]","(-0.001, 256.625]"
Shiki Shabu Shabu,"(-0.001, 2.5]","(-0.001, 256.625]","(-0.001, 2.0]","(-0.001, 2.5]","(-0.001, 2.0]","(-0.001, 256.625]"
JP Fuji Group,"(-0.001, 2.5]","(-0.001, 256.625]","(-0.001, 2.0]","(61.25, 31200.0]","(2.0, 197.0]","(1633.0, 408000.0]"
JP Fuji Group,"(61.25, 31200.0]","(1633.0, 408000.0]","(2.0, 197.0]","(-0.001, 2.5]","(-0.001, 2.0]","(-0.001, 256.625]"
JP Fuji Group,"(-0.001, 2.5]","(-0.001, 256.625]","(-0.001, 2.0]","(-0.001, 2.5]","(-0.001, 2.0]","(-0.001, 256.625]"
JP Fuji Group,"(-0.001, 2.5]","(-0.001, 256.625]","(-0.001, 2.0]","(2.5, 61.25]","(-0.001, 2.0]","(256.625, 1633.0]"
JP Fuji Group,"(2.5, 61.25]","(256.625, 1633.0]","(-0.001, 2.0]","(2.5, 61.25]","(-0.001, 2.0]","(-0.001, 256.625]"
Empire Boston,"(2.5, 61.25]","(256.625, 1633.0]","(-0.001, 2.0]","(-0.001, 2.5]","(-0.001, 2.0]","(-0.001, 256.625]"
Empire Boston,"(-0.001, 2.5]","(-0.001, 256.625]","(-0.001, 2.0]","(61.25, 31200.0]","(-0.001, 2.0]","(1633.0, 408000.0]"
Empire Boston,"(61.25, 31200.0]","(1633.0, 408000.0]","(-0.001, 2.0]","(2.5, 61.25]","(-0.001, 2.0]","(256.625, 1633.0]"
Empire Boston,"(2.5, 61.25]","(256.625, 1633.0]","(-0.001, 2.0]","(2.5, 61.25]","(2.0, 197.0]","(256.625, 1633.0]"
Empire Boston,"(2.5, 61.25]","(256.625, 1633.0]","(2.0, 197.0]","(61.25, 31200.0]","(-0.001, 2.0]","(1633.0, 408000.0]"
Yoki Express,"(-0.001, 2.5]","(-0.001, 256.625]","(-0.001, 2.0]","(-0.001, 2.5]","(-0.001, 2.0]","(-0.001, 256.625]"
Yoki Express,"(-0.001, 2.5]","(-0.001, 256.625]","(-0.001, 2.0]","(61.25, 31200.0]","(2.0, 197.0]","(1633.0, 408000.0]"
Yoki Express,"(61.25, 31200.0]","(1633.0, 408000.0]","(2.0, 197.0]","(-0.001, 2.5]","(-0.001, 2.0]","(-0.001, 256.625]"
Yoki Express,"(-0.001, 2.5]","(-0.001, 256.625]","(-0.001, 2.0]","(2.5, 61.25]","(-0.001, 2.0]","(256.625, 1633.0]"
Yoki Express,"(2.5, 61.25]","(256.625, 1633.0]","(-0.001, 2.0]","(2.5, 61.25]","(-0.001, 2.0]","(256.625, 1633.0]"
Gopchang Story Boston,"(-0.001, 2.5]","(-0.001, 256.625]","(-0.001, 2.0]","(61.25, 31200.0]","(-0.001, 2.0]","(1633.0, 408000.0]"
Gopchang Story Boston,"(61.25, 31200.0]","(1633.0, 408000.0]","(-0.001, 2.0]","(61.25, 31200.0]","(-0.001, 2.0]","(1633.0, 408000.0]"
Gopchang Story Boston,"(61.25, 31200.0]","(1633.0, 408000.0]","(-0.001, 2.0]","(2.5, 61.25]","(2.0, 197.0]","(1633.0, 408000.0]"
Gopchang Story Boston,"(2.5, 61.25]","(1633.0, 408000.0]","(2.0, 197.0]","(2.5, 61.25]","(-0.001, 2.0]","(1633.0, 408000.0]"
Gopchang Story Boston,"(2.5, 61.25]","(1633.0, 408000.0]","(-0.001, 2.0]","(2.5, 61.25]","(2.0, 197.0]","(1633.0, 408000.0]"
BAB,"(2.5, 61.25]","(256.625, 1633.0]","(-0.001, 2.0]","(-0.001, 2.5]","(-0.001, 2.0]","(-0.001, 256.625]"
BAB,"(-0.001, 2.5]","(-0.001, 256.625]","(-0.001, 2.0]","(2.5, 61.25]","(-0.001, 2.0]","(256.625, 1633.0]"
BAB,"(2.5, 61.25]","(256.625, 1633.0]","(-0.001, 2.0]","(2.5, 61.25]","(-0.001, 2.0]","(256.625, 1633.0]"
BAB,"(2.5, 61.25]","(256.625, 1633.0]","(-0.001, 2.0]","(-0.001, 2.5]","(-0.001, 2.0]","(-0.001, 256.625]"
BAB,"(-0.001, 2.5]","(-0.001, 256.625]","(-0.001, 2.0]","(-0.001, 2.5]","(-0.001, 2.0]","(-0.001, 256.625]"
Myung Dong 1st Ave,"(-0.001, 2.5]","(-0.001, 256.625]","(-0.001, 2.0]","(61.25, 31200.0]","(-0.001, 2.0]","(256.625, 1633.0]"
Myung Dong 1st Ave,"(61.25, 31200.0]","(256.625, 1633.0]","(-0.001, 2.0]","(-0.001, 2.5]","(-0.001, 2.0]","(-0.001, 256.625]"
Myung Dong 1st Ave,"(-0.001, 2.5]","(-0.001, 256.625]","(-0.001, 2.0]","(-0.001, 2.5]","(-0.001, 2.0]","(-0.001, 256.625]"
Myung Dong 1st Ave,"(-0.001, 2.5]","(-0.001, 256.625]","(-0.001, 2.0]","(-0.001, 2.5]","(-0.001, 2.0]","(-0.001, 256.625]"
Myung Dong 1st Ave,"(-0.001, 2.5]","(-0.001, 256.625]","(-0.001, 2.0]","(-0.001, 2.5]","(-0.001, 2.0]","(-0.001, 256.625]"
WakuWaku Ramen & Sake,"(2.5, 61.25]","(256.625, 1633.0]","(-0.001, 2.0]","(61.25, 31200.0]","(-0.001, 2.0]","(1633.0, 408000.0]"
WakuWaku Ramen & Sake,"(61.25, 31200.0]","(1633.0, 408000.0]","(-0.001, 2.0]","(61.25, 31200.0]","(2.0, 197.0]","(1633.0, 408000.0]"
WakuWaku Ramen & Sake,"(61.25, 31200.0]","(1633.0, 408000.0]","(2.0, 197.0]","(61.25, 31200.0]","(2.0, 197.0]","(1633.0, 408000.0]"
WakuWaku Ramen & Sake,"(61.25, 31200.0]","(1633.0, 408000.0]","(2.0, 197.0]","(61.25, 31200.0]","(2.0, 197.0]","(1633.0, 408000.0]"
WakuWaku Ramen & Sake,"(61.25, 31200.0]","(1633.0, 408000.0]","(2.0, 197.0]","(2.5, 61.25]","(-0.001, 2.0]","(256.625, 1633.0]"
Shojo Cambridge,"(2.5, 61.25]","(256.625, 1633.0]","(-0.001, 2.0]","(-0.001, 2.5]","(-0.001, 2.0]","(-0.001, 256.625]"
Shojo Cambridge,"(-0.001, 2.5]","(-0.001, 256.625]","(-0.001, 2.0]","(2.5, 61.25]","(-0.001, 2.0]","(256.625, 1633.0]"
Shojo Cambridge,"(2.5, 61.25]","(256.625, 1633.0]","(-0.001, 2.0]","(2.5, 61.25]","(-0.001, 2.0]","(1633.0, 408000.0]"
Shojo Cambridge,"(2.5, 61.25]","(1633.0, 408000.0]","(-0.001, 2.0]","(2.5, 61.25]","(-0.001, 2.0]","(256.625, 1633.0]"
Shojo Cambridge,"(2.5, 61.25]","(256.625, 1633.0]","(-0.001, 2.0]","(61.25, 31200.0]","(-0.001, 2.0]","(1633.0, 408000.0]"
Shōjō Boston,"(61.25, 31200.0]","(1633.0, 408000.0]","(2.0, 197.0]","(2.5, 61.25]","(-0.001, 2.0]","(256.625, 1633.0]"
Shōjō Boston,"(2.5, 61.25]","(256.625, 1633.0]","(-0.001, 2.0]","(2.5, 61.25]","(-0.001, 2.0]","(256.625, 1633.0]"
Shōjō Boston,"(2.5, 61.25]","(256.625, 1633.0]","(-0.001, 2.0]","(2.5, 61.25]","(-0.001, 2.0]","(256.625, 1633.0]"
Shōjō Boston,"(2.5, 61.25]","(256.625, 1633.0]","(-0.001, 2.0]","(2.5, 61.25]","(-0.001, 2.0]","(256.625, 1633.0]"
Shōjō Boston,"(2.5, 61.25]","(256.625, 1633.0]","(-0.001, 2.0]","(2.5, 61.25]","(-0.001, 2.0]","(256.625, 1633.0]"
Park 54 Restaurant & Lounge,"(2.5, 61.25]","(1633.0, 408000.0]","(-0.001, 2.0]","(-0.001, 2.5]","(-0.001, 2.0]","(-0.001, 256.625]"
Park 54 Restaurant & Lounge,"(-0.001, 2.5]","(-0.001, 256.625]","(-0.001, 2.0]","(61.25, 31200.0]","(-0.001, 2.0]","(1633.0, 408000.0]"
Park 54 Restaurant & Lounge,"(61.25, 31200.0]","(1633.0, 408000.0]","(-0.001, 2.0]","(2.5, 61.25]","(-0.001, 2.0]","(256.625, 1633.0]"
Park 54 Restaurant & Lounge,"(2.5, 61.25]","(256.625, 1633.0]","(-0.001, 2.0]","(61.25, 31200.0]","(2.0, 197.0]","(1633.0, 408000.0]"
Park 54 Restaurant & Lounge,"(61.25, 31200.0]","(1633.0, 408000.0]","(2.0, 197.0]","(2.5, 61.25]","(-0.001, 2.0]","(256.625, 1633.0]"
154 STATION Burgers and drinks,"(-0.001, 2.5]","(-0.001, 256.625]","(-0.001, 2.0]","(-0.001, 2.5]","(-0.001, 2.0]","(-0.001, 256.625]"
154 STATION Burgers and drinks,"(-0.001, 2.5]","(-0.001, 256.625]","(-0.001, 2.0]","(-0.001, 2.5]","(-0.001, 2.0]","(-0.001, 256.625]"
154 STATION Burgers and drinks,"(-0.001, 2.5]","(-0.001, 256.625]","(-0.001, 2.0]","(-0.001, 2.5]","(-0.001, 2.0]","(-0.001, 256.625]"
154 STATION Burgers and drinks,"(-0.001, 2.5]","(-0.001, 256.625]","(-0.001, 2.0]","(-0.001, 2.5]","(-0.001, 2.0]","(-0.001, 256.625]"
154 STATION Burgers and drinks,"(-0.001, 2.5]","(-0.001, 256.625]","(-0.001, 2.0]","(-0.001, 2.5]","(-0.001, 2.0]","(-0.001, 256.625]"
Life Alive Organic Cafe,"(-0.001, 2.5]","(-0.001, 256.625]","(-0.001, 2.0]","(2.5, 61.25]","(-0.001, 2.0]","(256.625, 1633.0]"
Life Alive Organic Cafe,"(2.5, 61.25]","(256.625, 1633.0]","(-0.001, 2.0]","(61.25, 31200.0]","(2.0, 197.0]","(1633.0, 408000.0]"
Life Alive Organic Cafe,"(61.25, 31200.0]","(1633.0, 408000.0]","(2.0, 197.0]","(61.25, 31200.0]","(2.0, 197.0]","(1633.0, 408000.0]"
Life Alive Organic Cafe,"(61.25, 31200.0]","(1633.0, 408000.0]","(2.0, 197.0]","(-0.001, 2.5]","(-0.001, 2.0]","(-0.001, 256.625]"
Life Alive Organic Cafe,"(-0.001, 2.5]","(-0.001, 256.625]","(-0.001, 2.0]","(-0.001, 2.5]","(-0.001, 2.0]","(-0.001, 256.625]"
by Love Art,"(61.25, 31200.0]","(1633.0, 408000.0]","(2.0, 197.0]","(61.25, 31200.0]","(2.0, 197.0]","(1633.0, 408000.0]"
by Love Art,"(61.25, 31200.0]","(1633.0, 408000.0]","(2.0, 197.0]","(-0.001, 2.5]","(-0.001, 2.0]","(-0.001, 256.625]"
by Love Art,"(-0.001, 2.5]","(-0.001, 256.625]","(-0.001, 2.0]","(-0.001, 2.5]","(-0.001, 2.0]","(-0.001, 256.625]"
by Love Art,"(-0.001, 2.5]","(-0.001, 256.625]","(-0.001, 2.0]","(2.5, 61.25]","(2.0, 197.0]","(256.625, 1633.0]"
by Love Art,"(2.5, 61.25]","(256.625, 1633.0]","(2.0, 197.0]","(-0.001, 2.5]","(-0.001, 2.0]","(-0.001, 256.625]"
Novara Restaurant | Milton MA,"(-0.001, 2.5]","(-0.001, 256.625]","(-0.001, 2.0]","(2.5, 61.25]","(-0.001, 2.0]","(1633.0, 408000.0]"
Novara Restaurant | Milton MA,"(2.5, 61.25]","(1633.0, 408000.0]","(-0.001, 2.0]","(2.5, 61.25]","(-0.001, 2.0]","(256.625, 1633.0]"
Novara Restaurant | Milton MA,"(2.5, 61.25]","(256.625, 1633.0]","(-0.001, 2.0]","(2.5, 61.25]","(-0.001, 2.0]","(256.625, 1633.0]"
Novara Restaurant | Milton MA,"(2.5, 61.25]","(256.625, 1633.0]","(-0.001, 2.0]","(2.5, 61.25]","(-0.001, 2.0]","(256.625, 1633.0]"
Novara Restaurant | Milton MA,"(2.5, 61.25]","(256.625, 1633.0]","(-0.001, 2.0]","(2.5, 61.25]","(2.0, 197.0]","(256.625, 1633.0]"
Abby Park | Milton Restaurant,"(2.5, 61.25]","(256.625, 1633.0]","(2.0, 197.0]","(-0.001, 2.5]","(-0.001, 2.0]","(-0.001, 256.625]"
Abby Park | Milton Restaurant,"(-0.001, 2.5]","(-0.001, 256.625]","(-0.001, 2.0]","(-0.001, 2.5]","(-0.001, 2.0]","(-0.001, 256.625]"
Abby Park | Milton Restaurant,"(-0.001, 2.5]","(-0.001, 256.625]","(-0.001, 2.0]","(-0.001, 2.5]","(-0.001, 2.0]","(-0.001, 256.625]"
Abby Park | Milton Restaurant,"(-0.001, 2.5]","(-0.001, 256.625]","(-0.001, 2.0]","(-0.001, 2.5]","(-0.001, 2.0]","(-0.001, 256.625]"
Abby Park | Milton Restaurant,"(-0.001, 2.5]","(-0.001, 256.625]","(-0.001, 2.0]","(-0.001, 2.5]","(-0.001, 2.0]","(-0.001, 256.625]"
Dorchester Brewing Company,"(2.5, 61.25]","(256.625, 1633.0]","(-0.001, 2.0]","(-0.001, 2.5]","(-0.001, 2.0]","(-0.001, 256.625]"
Dorchester Brewing Company,"(-0.001, 2.5]","(-0.001, 256.625]","(-0.001, 2.0]","(-0.001, 2.5]","(-0.001, 2.0]","(-0.001, 256.625]"
Dorchester Brewing Company,"(-0.001, 2.5]","(-0.001, 256.625]","(-0.001, 2.0]","(-0.001, 2.5]","(-0.001, 2.0]","(-0.001, 256.625]"
Dorchester Brewing Company,"(-0.001, 2.5]","(-0.001, 256.625]","(-0.001, 2.0]","(2.5, 61.25]","(-0.001, 2.0]","(256.625, 1633.0]"
Dorchester Brewing Company,"(2.5, 61.25]","(256.625, 1633.0]","(-0.001, 2.0]","(2.5, 61.25]","(-0.001, 2.0]","(256.625, 1633.0]"
M & M BBQ,"(-0.001, 2.5]","(-0.001, 256.625]","(-0.001, 2.0]","(-0.001, 2.5]","(-0.001, 2.0]","(-0.001, 256.625]"
M & M BBQ,"(-0.001, 2.5]","(-0.001, 256.625]","(-0.001, 2.0]","(-0.001, 2.5]","(-0.001, 2.0]","(-0.001, 256.625]"
M & M BBQ,"(-0.001, 2.5]","(-0.001, 256.625]","(-0.001, 2.0]","(-0.001, 2.5]","(-0.001, 2.0]","(-0.001, 256.625]"
M & M BBQ,"(-0.001, 2.5]","(-0.001, 256.625]","(-0.001, 2.0]","(-0.001, 2.5]","(-0.001, 2.0]","(-0.001, 256.625]"
M & M BBQ,"(-0.001, 2.5]","(-0.001, 256.625]","(-0.001, 2.0]","(-0.001, 2.5]","(-0.001, 2.0]","(-0.001, 256.625]"
Pazza on Porter,"(-0.001, 2.5]","(-0.001, 256.625]","(-0.001, 2.0]","(-0.001, 2.5]","(-0.001, 2.0]","(-0.001, 256.625]"
Pazza on Porter,"(-0.001, 2.5]","(-0.001, 256.625]","(-0.001, 2.0]","(61.25, 31200.0]","(2.0, 197.0]","(1633.0, 408000.0]"
Pazza on Porter,"(61.25, 31200.0]","(1633.0, 408000.0]","(2.0, 197.0]","(2.5, 61.25]","(-0.001, 2.0]","(256.625, 1633.0]"
Pazza on Porter,"(2.5, 61.25]","(256.625, 1633.0]","(-0.001, 2.0]","(2.5, 61.25]","(-0.001, 2.0]","(-0.001, 256.625]"
Pazza on Porter,"(2.5, 61.25]","(-0.001, 256.625]","(-0.001, 2.0]","(2.5, 61.25]","(-0.001, 2.0]","(256.625, 1633.0]"
Giulia,"(-0.001, 2.5]","(-0.001, 256.625]","(-0.001, 2.0]","(-0.001, 2.5]","(-0.001, 2.0]","(-0.001, 256.625]"
Giulia,"(-0.001, 2.5]","(-0.001, 256.625]","(-0.001, 2.0]","(-0.001, 2.5]","(-0.001, 2.0]","(-0.001, 256.625]"
Giulia,"(-0.001, 2.5]","(-0.001, 256.625]","(-0.001, 2.0]","(2.5, 61.25]","(-0.001, 2.0]","(256.625, 1633.0]"
Giulia,"(2.5, 61.25]","(256.625, 1633.0]","(-0.001, 2.0]","(-0.001, 2.5]","(-0.001, 2.0]","(-0.001, 256.625]"
Giulia,"(-0.001, 2.5]","(-0.001, 256.625]","(-0.001, 2.0]","(-0.001, 2.5]","(-0.001, 2.0]","(-0.001, 256.625]"
loveartpoke,"(-0.001, 2.5]","(-0.001, 256.625]","(-0.001, 2.0]","(-0.001, 2.5]","(-0.001, 2.0]","(-0.001, 256.625]"
loveartpoke,"(-0.001, 2.5]","(-0.001, 256.625]","(-0.001, 2.0]","(-0.001, 2.5]","(-0.001, 2.0]","(-0.001, 256.625]"
loveartpoke,"(-0.001, 2.5]","(-0.001, 256.625]","(-0.001, 2.0]","(-0.001, 2.5]","(-0.001, 2.0]","(-0.001, 256.625]"
loveartpoke,"(-0.001, 2.5]","(-0.001, 256.625]","(-0.001, 2.0]","(-0.001, 2.5]","(-0.001, 2.0]","(-0.001, 256.625]"
loveartpoke,"(-0.001, 2.5]","(-0.001, 256.625]","(-0.001, 2.0]","(-0.001, 2.5]","(-0.001, 2.0]","(-0.001, 256.625]"
CHILACATES,"(-0.001, 2.5]","(-0.001, 256.625]","(-0.001, 2.0]","(2.5, 61.25]","(-0.001, 2.0]","(256.625, 1633.0]"
CHILACATES,"(2.5, 61.25]","(256.625, 1633.0]","(-0.001, 2.0]","(-0.001, 2.5]","(-0.001, 2.0]","(-0.001, 256.625]"
CHILACATES,"(-0.001, 2.5]","(-0.001, 256.625]","(-0.001, 2.0]","(61.25, 31200.0]","(-0.001, 2.0]","(1633.0, 408000.0]"
CHILACATES,"(61.25, 31200.0]","(1633.0, 408000.0]","(-0.001, 2.0]","(61.25, 31200.0]","(2.0, 197.0]","(1633.0, 408000.0]"
CHILACATES,"(61.25, 31200.0]","(1633.0, 408000.0]","(2.0, 197.0]","(-0.001, 2.5]","(-0.001, 2.0]","(-0.001, 256.625]"
Capo Restaurant,"(61.25, 31200.0]","(1633.0, 408000.0]","(2.0, 197.0]","(61.25, 31200.0]","(-0.001, 2.0]","(1633.0, 408000.0]"
Capo Restaurant,"(61.25, 31200.0]","(1633.0, 408000.0]","(-0.001, 2.0]","(61.25, 31200.0]","(2.0, 197.0]","(1633.0, 408000.0]"
Capo Restaurant,"(61.25, 31200.0]","(1633.0, 408000.0]","(2.0, 197.0]","(61.25, 31200.0]","(-0.001, 2.0]","(1633.0, 408000.0]"
Capo Restaurant,"(61.25, 31200.0]","(1633.0, 408000.0]","(-0.001, 2.0]","(2.5, 61.25]","(-0.001, 2.0]","(256.625, 1633.0]"
Capo Restaurant,"(2.5, 61.25]","(256.625, 1633.0]","(-0.001, 2.0]","(61.25, 31200.0]","(2.0, 197.0]","(1633.0, 408000.0]"
Yakitori Totto Boston,"(-0.001, 2.5]","(-0.001, 256.625]","(-0.001, 2.0]","(-0.001, 2.5]","(-0.001, 2.0]","(-0.001, 256.625]"
Yakitori Totto Boston,"(-0.001, 2.5]","(-0.001, 256.625]","(-0.001, 2.0]","(-0.001, 2.5]","(-0.001, 2.0]","(-0.001, 256.625]"
Yakitori Totto Boston,"(-0.001, 2.5]","(-0.001, 256.625]","(-0.001, 2.0]","(-0.001, 2.5]","(-0.001, 2.0]","(-0.001, 256.625]"
Yakitori Totto Boston,"(-0.001, 2.5]","(-0.001, 256.625]","(-0.001, 2.0]","(-0.001, 2.5]","(-0.001, 2.0]","(-0.001, 256.625]"
Yakitori Totto Boston,"(-0.001, 2.5]","(-0.001, 256.625]","(-0.001, 2.0]","(-0.001, 2.5]","(-0.001, 2.0]","(-0.001, 256.625]"
SweetCheeksQ,"(-0.001, 2.5]","(256.625, 1633.0]","(-0.001, 2.0]","(-0.001, 2.5]","(-0.001, 2.0]","(-0.001, 256.625]"
SweetCheeksQ,"(-0.001, 2.5]","(-0.001, 256.625]","(-0.001, 2.0]","(-0.001, 2.5]","(-0.001, 2.0]","(-0.001, 256.625]"
SweetCheeksQ,"(-0.001, 2.5]","(-0.001, 256.625]","(-0.001, 2.0]","(2.5, 61.25]","(-0.001, 2.0]","(256.625, 1633.0]"
SweetCheeksQ,"(2.5, 61.25]","(256.625, 1633.0]","(-0.001, 2.0]","(2.5, 61.25]","(-0.001, 2.0]","(256.625, 1633.0]"
SweetCheeksQ,"(2.5, 61.25]","(256.625, 1633.0]","(-0.001, 2.0]","(-0.001, 2.5]","(-0.001, 2.0]","(-0.001, 256.625]"
Ebi Sushi,"(2.5, 61.25]","(-0.001, 256.625]","(-0.001, 2.0]","(2.5, 61.25]","(-0.001, 2.0]","(256.625, 1633.0]"
Ebi Sushi,"(2.5, 61.25]","(256.625, 1633.0]","(-0.001, 2.0]","(-0.001, 2.5]","(-0.001, 2.0]","(-0.001, 256.625]"
Ebi Sushi,"(-0.001, 2.5]","(-0.001, 256.625]","(-0.001, 2.0]","(-0.001, 2.5]","(-0.001, 2.0]","(-0.001, 256.625]"
Ebi Sushi,"(-0.001, 2.5]","(-0.001, 256.625]","(-0.001, 2.0]","(-0.001, 2.5]","(-0.001, 2.0]","(-0.001, 256.625]"
Ebi Sushi,"(-0.001, 2.5]","(-0.001, 256.625]","(-0.001, 2.0]","(-0.001, 2.5]","(-0.001, 2.0]","(-0.001, 256.625]"
North Coast Seafoods,"(-0.001, 2.5]","(-0.001, 256.625]","(-0.001, 2.0]","(-0.001, 2.5]","(-0.001, 2.0]","(-0.001, 256.625]"
North Coast Seafoods,"(-0.001, 2.5]","(-0.001, 256.625]","(-0.001, 2.0]","(-0.001, 2.5]","(-0.001, 2.0]","(-0.001, 256.625]"
North Coast Seafoods,"(-0.001, 2.5]","(-0.001, 256.625]","(-0.001, 2.0]","(-0.001, 2.5]","(-0.001, 2.0]","(-0.001, 256.625]"
North Coast Seafoods,"(-0.001, 2.5]","(-0.001, 256.625]","(-0.001, 2.0]","(-0.001, 2.5]","(-0.001, 2.0]","(-0.001, 256.625]"
North Coast Seafoods,"(-0.001, 2.5]","(-0.001, 256.625]","(-0.001, 2.0]","(-0.001, 2.5]","(-0.001, 2.0]","(-0.001, 256.625]"
Blackbird Doughnuts,"(61.25, 31200.0]","(1633.0, 408000.0]","(2.0, 197.0]","(61.25, 31200.0]","(2.0, 197.0]","(1633.0, 408000.0]"
Blackbird Doughnuts,"(61.25, 31200.0]","(1633.0, 408000.0]","(2.0, 197.0]","(2.5, 61.25]","(2.0, 197.0]","(256.625, 1633.0]"
Blackbird Doughnuts,"(2.5, 61.25]","(256.625, 1633.0]","(2.0, 197.0]","(2.5, 61.25]","(-0.001, 2.0]","(1633.0, 408000.0]"
Blackbird Doughnuts,"(2.5, 61.25]","(1633.0, 408000.0]","(-0.001, 2.0]","(2.5, 61.25]","(-0.001, 2.0]","(256.625, 1633.0]"
Blackbird Doughnuts,"(2.5, 61.25]","(256.625, 1633.0]","(-0.001, 2.0]","(61.25, 31200.0]","(2.0, 197.0]","(1633.0, 408000.0]"
Laughing Monk Cafe l Omakase & Tasting Box Togo,"(-0.001, 2.5]","(-0.001, 256.625]","(-0.001, 2.0]","(61.25, 31200.0]","(2.0, 197.0]","(1633.0, 408000.0]"
Laughing Monk Cafe l Omakase & Tasting Box Togo,"(61.25, 31200.0]","(1633.0, 408000.0]","(2.0, 197.0]","(61.25, 31200.0]","(2.0, 197.0]","(1633.0, 408000.0]"
Laughing Monk Cafe l Omakase & Tasting Box Togo,"(61.25, 31200.0]","(1633.0, 408000.0]","(2.0, 197.0]","(-0.001, 2.5]","(-0.001, 2.0]","(-0.001, 256.625]"
Laughing Monk Cafe l Omakase & Tasting Box Togo,"(-0.001, 2.5]","(-0.001, 256.625]","(-0.001, 2.0]","(-0.001, 2.5]","(-0.001, 2.0]","(-0.001, 256.625]"
Laughing Monk Cafe l Omakase & Tasting Box Togo,"(-0.001, 2.5]","(-0.001, 256.625]","(-0.001, 2.0]","(2.5, 61.25]","(-0.001, 2.0]","(256.625, 1633.0]"
Banyan Bar + Refuge,"(-0.001, 2.5]","(-0.001, 256.625]","(-0.001, 2.0]","(-0.001, 2.5]","(-0.001, 2.0]","(-0.001, 256.625]"
Banyan Bar + Refuge,"(-0.001, 2.5]","(-0.001, 256.625]","(-0.001, 2.0]","(61.25, 31200.0]","(2.0, 197.0]","(1633.0, 408000.0]"
Banyan Bar + Refuge,"(61.25, 31200.0]","(1633.0, 408000.0]","(2.0, 197.0]","(61.25, 31200.0]","(2.0, 197.0]","(1633.0, 408000.0]"
Banyan Bar + Refuge,"(61.25, 31200.0]","(1633.0, 408000.0]","(2.0, 197.0]","(-0.001, 2.5]","(-0.001, 2.0]","(-0.001, 256.625]"
Banyan Bar + Refuge,"(-0.001, 2.5]","(-0.001, 256.625]","(-0.001, 2.0]","(2.5, 61.25]","(-0.001, 2.0]","(256.625, 1633.0]"
April 23 Cafe,"(-0.001, 2.5]","(-0.001, 256.625]","(-0.001, 2.0]","(61.25, 31200.0]","(-0.001, 2.0]","(256.625, 1633.0]"
April 23 Cafe,"(61.25, 31200.0]","(256.625, 1633.0]","(-0.001, 2.0]","(-0.001, 2.5]","(-0.001, 2.0]","(-0.001, 256.625]"
April 23 Cafe,"(-0.001, 2.5]","(-0.001, 256.625]","(-0.001, 2.0]","(61.25, 31200.0]","(2.0, 197.0]","(256.625, 1633.0]"
April 23 Cafe,"(61.25, 31200.0]","(256.625, 1633.0]","(2.0, 197.0]","(-0.001, 2.5]","(-0.001, 2.0]","(-0.001, 256.625]"
April 23 Cafe,"(-0.001, 2.5]","(-0.001, 256.625]","(-0.001, 2.0]","(-0.001, 2.5]","(-0.001, 2.0]","(-0.001, 256.625]"
Umami Omakase,"(-0.001, 2.5]","(-0.001, 256.625]","(-0.001, 2.0]","(-0.001, 2.5]","(-0.001, 2.0]","(-0.001, 256.625]"
Umami Omakase,"(-0.001, 2.5]","(-0.001, 256.625]","(-0.001, 2.0]","(2.5, 61.25]","(-0.001, 2.0]","(256.625, 1633.0]"
Umami Omakase,"(2.5, 61.25]","(256.625, 1633.0]","(-0.001, 2.0]","(2.5, 61.25]","(-0.001, 2.0]","(256.625, 1633.0]"
Umami Omakase,"(2.5, 61.25]","(256.625, 1633.0]","(-0.001, 2.0]","(-0.001, 2.5]","(-0.001, 2.0]","(-0.001, 256.625]"
Umami Omakase,"(-0.001, 2.5]","(-0.001, 256.625]","(-0.001, 2.0]","(61.25, 31200.0]","(2.0, 197.0]","(1633.0, 408000.0]"
Kavaneo Taverana,"(-0.001, 2.5]","(-0.001, 256.625]","(-0.001, 2.0]","(61.25, 31200.0]","(2.0, 197.0]","(1633.0, 408000.0]"
Kavaneo Taverana,"(61.25, 31200.0]","(1633.0, 408000.0]","(2.0, 197.0]","(2.5, 61.25]","(-0.001, 2.0]","(256.625, 1633.0]"
Kavaneo Taverana,"(2.5, 61.25]","(256.625, 1633.0]","(-0.001, 2.0]","(-0.001, 2.5]","(-0.001, 2.0]","(-0.001, 256.625]"
Kavaneo Taverana,"(-0.001, 2.5]","(-0.001, 256.625]","(-0.001, 2.0]","(2.5, 61.25]","(2.0, 197.0]","(256.625, 1633.0]"
Kavaneo Taverana,"(2.5, 61.25]","(256.625, 1633.0]","(2.0, 197.0]","(2.5, 61.25]","(2.0, 197.0]","(256.625, 1633.0]"
Tiger Sugar,"(-0.001, 2.5]","(-0.001, 256.625]","(-0.001, 2.0]","(61.25, 31200.0]","(2.0, 197.0]","(1633.0, 408000.0]"
Tiger Sugar,"(61.25, 31200.0]","(1633.0, 408000.0]","(2.0, 197.0]","(2.5, 61.25]","(-0.001, 2.0]","(256.625, 1633.0]"
Tiger Sugar,"(2.5, 61.25]","(256.625, 1633.0]","(-0.001, 2.0]","(-0.001, 2.5]","(-0.001, 2.0]","(-0.001, 256.625]"
Tiger Sugar,"(-0.001, 2.5]","(-0.001, 256.625]","(-0.001, 2.0]","(2.5, 61.25]","(2.0, 197.0]","(256.625, 1633.0]"
Tiger Sugar,"(2.5, 61.25]","(256.625, 1633.0]","(2.0, 197.0]","(2.5, 61.25]","(2.0, 197.0]","(256.625, 1633.0]"
Mooo Seaport,"(61.25, 31200.0]","(1633.0, 408000.0]","(2.0, 197.0]","(-0.001, 2.5]","(-0.001, 2.0]","(-0.001, 256.625]"
Mooo Seaport,"(-0.001, 2.5]","(-0.001, 256.625]","(-0.001, 2.0]","(61.25, 31200.0]","(2.0, 197.0]","(1633.0, 408000.0]"
Mooo Seaport,"(61.25, 31200.0]","(1633.0, 408000.0]","(2.0, 197.0]","(-0.001, 2.5]","(-0.001, 2.0]","(-0.001, 256.625]"
Mooo Seaport,"(-0.001, 2.5]","(-0.001, 256.625]","(-0.001, 2.0]","(2.5, 61.25]","(-0.001, 2.0]","(256.625, 1633.0]"
Mooo Seaport,"(2.5, 61.25]","(256.625, 1633.0]","(-0.001, 2.0]","(2.5, 61.25]","(-0.001, 2.0]","(256.625, 1633.0]"
Uni Boston,"(-0.001, 2.5]","(-0.001, 256.625]","(-0.001, 2.0]","(61.25, 31200.0]","(-0.001, 2.0]","(1633.0, 408000.0]"
Uni Boston,"(61.25, 31200.0]","(1633.0, 408000.0]","(-0.001, 2.0]","(2.5, 61.25]","(-0.001, 2.0]","(256.625, 1633.0]"
Uni Boston,"(2.5, 61.25]","(256.625, 1633.0]","(-0.001, 2.0]","(-0.001, 2.5]","(-0.001, 2.0]","(-0.001, 256.625]"
Uni Boston,"(-0.001, 2.5]","(-0.001, 256.625]","(-0.001, 2.0]","(-0.001, 2.5]","(-0.001, 2.0]","(-0.001, 256.625]"
Uni Boston,"(-0.001, 2.5]","(-0.001, 256.625]","(-0.001, 2.0]","(-0.001, 2.5]","(-0.001, 2.0]","(-0.001, 256.625]"
Bartaco,"(2.5, 61.25]","(1633.0, 408000.0]","(2.0, 197.0]","(2.5, 61.25]","(2.0, 197.0]","(256.625, 1633.0]"
Bartaco,"(2.5, 61.25]","(256.625, 1633.0]","(2.0, 197.0]","(61.25, 31200.0]","(2.0, 197.0]","(1633.0, 408000.0]"
Bartaco,"(61.25, 31200.0]","(1633.0, 408000.0]","(2.0, 197.0]","(-0.001, 2.5]","(-0.001, 2.0]","(-0.001, 256.625]"
Bartaco,"(-0.001, 2.5]","(-0.001, 256.625]","(-0.001, 2.0]","(-0.001, 2.5]","(-0.001, 2.0]","(-0.001, 256.625]"
Bartaco,"(-0.001, 2.5]","(-0.001, 256.625]","(-0.001, 2.0]","(2.5, 61.25]","(-0.001, 2.0]","(256.625, 1633.0]"
Tsurutontan East,"(2.5, 61.25]","(256.625, 1633.0]","(-0.001, 2.0]","(-0.001, 2.5]","(-0.001, 2.0]","(-0.001, 256.625]"
Tsurutontan East,"(-0.001, 2.5]","(-0.001, 256.625]","(-0.001, 2.0]","(2.5, 61.25]","(-0.001, 2.0]","(256.625, 1633.0]"
Tsurutontan East,"(2.5, 61.25]","(256.625, 1633.0]","(-0.001, 2.0]","(-0.001, 2.5]","(-0.001, 2.0]","(-0.001, 256.625]"
Tsurutontan East,"(-0.001, 2.5]","(-0.001, 256.625]","(-0.001, 2.0]","(61.25, 31200.0]","(2.0, 197.0]","(1633.0, 408000.0]"
Tsurutontan East,"(61.25, 31200.0]","(1633.0, 408000.0]","(2.0, 197.0]","(2.5, 61.25]","(-0.001, 2.0]","(256.625, 1633.0]"
The Daily Catch,"(-0.001, 2.5]","(-0.001, 256.625]","(-0.001, 2.0]","(61.25, 31200.0]","(-0.001, 2.0]","(1633.0, 408000.0]"
The Daily Catch,"(61.25, 31200.0]","(1633.0, 408000.0]","(-0.001, 2.0]","(61.25, 31200.0]","(2.0, 197.0]","(1633.0, 408000.0]"
The Daily Catch,"(61.25, 31200.0]","(1633.0, 408000.0]","(2.0, 197.0]","(2.5, 61.25]","(-0.001, 2.0]","(-0.001, 256.625]"
The Daily Catch,"(2.5, 61.25]","(-0.001, 256.625]","(-0.001, 2.0]","(-0.001, 2.5]","(-0.001, 2.0]","(-0.001, 256.625]"
The Daily Catch,"(-0.001, 2.5]","(-0.001, 256.625]","(-0.001, 2.0]","(-0.001, 2.5]","(-0.001, 2.0]","(-0.001, 256.625]"
Sugar & Spice ,"(-0.001, 2.5]","(-0.001, 256.625]","(-0.001, 2.0]","(-0.001, 2.5]","(-0.001, 2.0]","(-0.001, 256.625]"
Sugar & Spice ,"(-0.001, 2.5]","(-0.001, 256.625]","(-0.001, 2.0]","(-0.001, 2.5]","(-0.001, 2.0]","(-0.001, 256.625]"
Sugar & Spice ,"(-0.001, 2.5]","(-0.001, 256.625]","(-0.001, 2.0]","(-0.001, 2.5]","(-0.001, 2.0]","(-0.001, 256.625]"
Sugar & Spice ,"(-0.001, 2.5]","(-0.001, 256.625]","(-0.001, 2.0]","(61.25, 31200.0]","(2.0, 197.0]","(1633.0, 408000.0]"
Sugar & Spice ,"(61.25, 31200.0]","(1633.0, 408000.0]","(2.0, 197.0]","(-0.001, 2.5]","(-0.001, 2.0]","(-0.001, 256.625]"
Saloniki Greek,"(2.5, 61.25]","(256.625, 1633.0]","(-0.001, 2.0]","(-0.001, 2.5]","(-0.001, 2.0]","(-0.001, 256.625]"
Saloniki Greek,"(-0.001, 2.5]","(-0.001, 256.625]","(-0.001, 2.0]","(-0.001, 2.5]","(-0.001, 2.0]","(-0.001, 256.625]"
Saloniki Greek,"(-0.001, 2.5]","(-0.001, 256.625]","(-0.001, 2.0]","(-0.001, 2.5]","(-0.001, 2.0]","(-0.001, 256.625]"
Saloniki Greek,"(-0.001, 2.5]","(-0.001, 256.625]","(-0.001, 2.0]","(2.5, 61.25]","(-0.001, 2.0]","(256.625, 1633.0]"
Saloniki Greek,"(2.5, 61.25]","(256.625, 1633.0]","(-0.001, 2.0]","(-0.001, 2.5]","(-0.001, 2.0]","(-0.001, 256.625]"
Red Lentil watertown,"(-0.001, 2.5]","(-0.001, 256.625]","(-0.001, 2.0]","(-0.001, 2.5]","(-0.001, 2.0]","(-0.001, 256.625]"
Red Lentil watertown,"(-0.001, 2.5]","(-0.001, 256.625]","(-0.001, 2.0]","(-0.001, 2.5]","(-0.001, 2.0]","(-0.001, 256.625]"
Red Lentil watertown,"(-0.001, 2.5]","(-0.001, 256.625]","(-0.001, 2.0]","(-0.001, 2.5]","(-0.001, 2.0]","(-0.001, 256.625]"
Red Lentil watertown,"(-0.001, 2.5]","(-0.001, 256.625]","(-0.001, 2.0]","(-0.001, 2.5]","(-0.001, 2.0]","(-0.001, 256.625]"
Red Lentil watertown,"(-0.001, 2.5]","(-0.001, 256.625]","(-0.001, 2.0]","(-0.001, 2.5]","(-0.001, 2.0]","(-0.001, 256.625]"
PURO ceviche bar,"(-0.001, 2.5]","(-0.001, 256.625]","(-0.001, 2.0]","(61.25, 31200.0]","(2.0, 197.0]","(1633.0, 408000.0]"
PURO ceviche bar,"(61.25, 31200.0]","(1633.0, 408000.0]","(2.0, 197.0]","(-0.001, 2.5]","(-0.001, 2.0]","(-0.001, 256.625]"
PURO ceviche bar,"(-0.001, 2.5]","(-0.001, 256.625]","(-0.001, 2.0]","(2.5, 61.25]","(-0.001, 2.0]","(256.625, 1633.0]"
PURO ceviche bar,"(2.5, 61.25]","(256.625, 1633.0]","(-0.001, 2.0]","(2.5, 61.25]","(-0.001, 2.0]","(256.625, 1633.0]"
PURO ceviche bar,"(2.5, 61.25]","(256.625, 1633.0]","(-0.001, 2.0]","(-0.001, 2.5]","(-0.001, 2.0]","(-0.001, 256.625]"
Parla,"(-0.001, 2.5]","(-0.001, 256.625]","(-0.001, 2.0]","(-0.001, 2.5]","(-0.001, 2.0]","(-0.001, 256.625]"
Parla,"(-0.001, 2.5]","(-0.001, 256.625]","(-0.001, 2.0]","(-0.001, 2.5]","(-0.001, 2.0]","(-0.001, 256.625]"
Parla,"(-0.001, 2.5]","(-0.001, 256.625]","(-0.001, 2.0]","(-0.001, 2.5]","(-0.001, 2.0]","(-0.001, 256.625]"
Parla,"(-0.001, 2.5]","(-0.001, 256.625]","(-0.001, 2.0]","(61.25, 31200.0]","(2.0, 197.0]","(1633.0, 408000.0]"
Parla,"(61.25, 31200.0]","(1633.0, 408000.0]","(2.0, 197.0]","(-0.001, 2.5]","(-0.001, 2.0]","(-0.001, 256.625]"
Temazcal Tequila Cantina,"(-0.001, 2.5]","(-0.001, 256.625]","(-0.001, 2.0]","(2.5, 61.25]","(-0.001, 2.0]","(256.625, 1633.0]"
Temazcal Tequila Cantina,"(2.5, 61.25]","(256.625, 1633.0]","(-0.001, 2.0]","(2.5, 61.25]","(-0.001, 2.0]","(256.625, 1633.0]"
Temazcal Tequila Cantina,"(2.5, 61.25]","(256.625, 1633.0]","(-0.001, 2.0]","(-0.001, 2.5]","(-0.001, 2.0]","(-0.001, 256.625]"
Temazcal Tequila Cantina,"(-0.001, 2.5]","(-0.001, 256.625]","(-0.001, 2.0]","(61.25, 31200.0]","(-0.001, 2.0]","(256.625, 1633.0]"
Temazcal Tequila Cantina,"(61.25, 31200.0]","(256.625, 1633.0]","(-0.001, 2.0]","(2.5, 61.25]","(-0.001, 2.0]","(256.625, 1633.0]"
Citrus & Salt,"(-0.001, 2.5]","(-0.001, 256.625]","(-0.001, 2.0]","(-0.001, 2.5]","(-0.001, 2.0]","(-0.001, 256.625]"
Citrus & Salt,"(-0.001, 2.5]","(-0.001, 256.625]","(-0.001, 2.0]","(2.5, 61.25]","(-0.001, 2.0]","(256.625, 1633.0]"
Citrus & Salt,"(2.5, 61.25]","(256.625, 1633.0]","(-0.001, 2.0]","(61.25, 31200.0]","(-0.001, 2.0]","(1633.0, 408000.0]"
Citrus & Salt,"(61.25, 31200.0]","(1633.0, 408000.0]","(-0.001, 2.0]","(-0.001, 2.5]","(-0.001, 2.0]","(-0.001, 256.625]"
Citrus & Salt,"(-0.001, 2.5]","(-0.001, 256.625]","(-0.001, 2.0]","(-0.001, 2.5]","(-0.001, 2.0]","(-0.001, 256.625]"
La Colombe Coffee Roasters,"(-0.001, 2.5]","(-0.001, 256.625]","(-0.001, 2.0]","(-0.001, 2.5]","(-0.001, 2.0]","(-0.001, 256.625]"
La Colombe Coffee Roasters,"(-0.001, 2.5]","(-0.001, 256.625]","(-0.001, 2.0]","(-0.001, 2.5]","(-0.001, 2.0]","(-0.001, 256.625]"
La Colombe Coffee Roasters,"(-0.001, 2.5]","(-0.001, 256.625]","(-0.001, 2.0]","(-0.001, 2.5]","(-0.001, 2.0]","(-0.001, 256.625]"
La Colombe Coffee Roasters,"(-0.001, 2.5]","(-0.001, 256.625]","(-0.001, 2.0]","(61.25, 31200.0]","(2.0, 197.0]","(1633.0, 408000.0]"
La Colombe Coffee Roasters,"(61.25, 31200.0]","(1633.0, 408000.0]","(2.0, 197.0]","(61.25, 31200.0]","(2.0, 197.0]","(1633.0, 408000.0]"
Ruckus,"(-0.001, 2.5]","(-0.001, 256.625]","(-0.001, 2.0]","(-0.001, 2.5]","(-0.001, 2.0]","(-0.001, 256.625]"
Ruckus,"(-0.001, 2.5]","(-0.001, 256.625]","(-0.001, 2.0]","(-0.001, 2.5]","(-0.001, 2.0]","(-0.001, 256.625]"
Ruckus,"(-0.001, 2.5]","(-0.001, 256.625]","(-0.001, 2.0]","(-0.001, 2.5]","(-0.001, 2.0]","(-0.001, 256.625]"
Ruckus,"(-0.001, 2.5]","(-0.001, 256.625]","(-0.001, 2.0]","(-0.001, 2.5]","(-0.001, 2.0]","(-0.001, 256.625]"
Ruckus,"(-0.001, 2.5]","(-0.001, 256.625]","(-0.001, 2.0]","(-0.001, 2.5]","(-0.001, 2.0]","(-0.001, 256.625]"
Area Four,"(-0.001, 2.5]","(-0.001, 256.625]","(-0.001, 2.0]","(-0.001, 2.5]","(-0.001, 2.0]","(-0.001, 256.625]"
Area Four,"(-0.001, 2.5]","(-0.001, 256.625]","(-0.001, 2.0]","(-0.001, 2.5]","(-0.001, 2.0]","(-0.001, 256.625]"
Area Four,"(-0.001, 2.5]","(-0.001, 256.625]","(-0.001, 2.0]","(61.25, 31200.0]","(-0.001, 2.0]","(256.625, 1633.0]"
Area Four,"(61.25, 31200.0]","(256.625, 1633.0]","(-0.001, 2.0]","(-0.001, 2.5]","(-0.001, 2.0]","(-0.001, 256.625]"
Area Four,"(-0.001, 2.5]","(-0.001, 256.625]","(-0.001, 2.0]","(-0.001, 2.5]","(-0.001, 2.0]","(-0.001, 256.625]"
Toro Boston,"(2.5, 61.25]","(256.625, 1633.0]","(-0.001, 2.0]","(61.25, 31200.0]","(-0.001, 2.0]","(1633.0, 408000.0]"
Toro Boston,"(61.25, 31200.0]","(1633.0, 408000.0]","(-0.001, 2.0]","(61.25, 31200.0]","(-0.001, 2.0]","(1633.0, 408000.0]"
Toro Boston,"(61.25, 31200.0]","(1633.0, 408000.0]","(-0.001, 2.0]","(-0.001, 2.5]","(-0.001, 2.0]","(-0.001, 256.625]"
Toro Boston,"(-0.001, 2.5]","(-0.001, 256.625]","(-0.001, 2.0]","(-0.001, 2.5]","(-0.001, 2.0]","(-0.001, 256.625]"
Toro Boston,"(-0.001, 2.5]","(-0.001, 256.625]","(-0.001, 2.0]","(61.25, 31200.0]","(-0.001, 2.0]","(1633.0, 408000.0]"
George Howell Coffee,"(2.5, 61.25]","(1633.0, 408000.0]","(-0.001, 2.0]","(2.5, 61.25]","(-0.001, 2.0]","(256.625, 1633.0]"
George Howell Coffee,"(2.5, 61.25]","(256.625, 1633.0]","(-0.001, 2.0]","(2.5, 61.25]","(-0.001, 2.0]","(256.625, 1633.0]"
George Howell Coffee,"(2.5, 61.25]","(256.625, 1633.0]","(-0.001, 2.0]","(-0.001, 2.5]","(-0.001, 2.0]","(-0.001, 256.625]"
George Howell Coffee,"(-0.001, 2.5]","(-0.001, 256.625]","(-0.001, 2.0]","(-0.001, 2.5]","(-0.001, 2.0]","(-0.001, 256.625]"
George Howell Coffee,"(-0.001, 2.5]","(-0.001, 256.625]","(-0.001, 2.0]","(2.5, 61.25]","(-0.001, 2.0]","(256.625, 1633.0]"
Bar Mezzana,"(2.5, 61.25]","(256.625, 1633.0]","(-0.001, 2.0]","(-0.001, 2.5]","(-0.001, 2.0]","(-0.001, 256.625]"
Bar Mezzana,"(-0.001, 2.5]","(-0.001, 256.625]","(-0.001, 2.0]","(2.5, 61.25]","(2.0, 197.0]","(256.625, 1633.0]"
Bar Mezzana,"(2.5, 61.25]","(256.625, 1633.0]","(2.0, 197.0]","(-0.001, 2.5]","(-0.001, 2.0]","(-0.001, 256.625]"
Bar Mezzana,"(-0.001, 2.5]","(-0.001, 256.625]","(-0.001, 2.0]","(2.5, 61.25]","(-0.001, 2.0]","(256.625, 1633.0]"
Bar Mezzana,"(2.5, 61.25]","(256.625, 1633.0]","(-0.001, 2.0]","(2.5, 61.25]","(2.0, 197.0]","(256.625, 1633.0]"
Ink Block Boston,"(-0.001, 2.5]","(-0.001, 256.625]","(-0.001, 2.0]","(-0.001, 2.5]","(-0.001, 2.0]","(-0.001, 256.625]"
Ink Block Boston,"(-0.001, 2.5]","(-0.001, 256.625]","(-0.001, 2.0]","(-0.001, 2.5]","(-0.001, 2.0]","(-0.001, 256.625]"
Ink Block Boston,"(-0.001, 2.5]","(-0.001, 256.625]","(-0.001, 2.0]","(-0.001, 2.5]","(-0.001, 2.0]","(-0.001, 256.625]"
Ink Block Boston,"(-0.001, 2.5]","(-0.001, 256.625]","(-0.001, 2.0]","(-0.001, 2.5]","(-0.001, 2.0]","(-0.001, 256.625]"
Ink Block Boston,"(-0.001, 2.5]","(-0.001, 256.625]","(-0.001, 2.0]","(-0.001, 2.5]","(-0.001, 2.0]","(-0.001, 256.625]"
Oishii Boston,"(2.5, 61.25]","(256.625, 1633.0]","(-0.001, 2.0]","(61.25, 31200.0]","(2.0, 197.0]","(1633.0, 408000.0]"
Oishii Boston,"(61.25, 31200.0]","(1633.0, 408000.0]","(2.0, 197.0]","(-0.001, 2.5]","(-0.001, 2.0]","(-0.001, 256.625]"
Oishii Boston,"(-0.001, 2.5]","(-0.001, 256.625]","(-0.001, 2.0]","(-0.001, 2.5]","(-0.001, 2.0]","(-0.001, 256.625]"
Oishii Boston,"(-0.001, 2.5]","(-0.001, 256.625]","(-0.001, 2.0]","(2.5, 61.25]","(-0.001, 2.0]","(256.625, 1633.0]"
Oishii Boston,"(2.5, 61.25]","(256.625, 1633.0]","(-0.001, 2.0]","(-0.001, 2.5]","(-0.001, 2.0]","(-0.001, 256.625]"
Crudo Boston,"(2.5, 61.25]","(256.625, 1633.0]","(-0.001, 2.0]","(-0.001, 2.5]","(-0.001, 2.0]","(-0.001, 256.625]"
Crudo Boston,"(-0.001, 2.5]","(-0.001, 256.625]","(-0.001, 2.0]","(-0.001, 2.5]","(-0.001, 2.0]","(-0.001, 256.625]"
Crudo Boston,"(-0.001, 2.5]","(-0.001, 256.625]","(-0.001, 2.0]","(-0.001, 2.5]","(-0.001, 2.0]","(-0.001, 256.625]"
Crudo Boston,"(-0.001, 2.5]","(-0.001, 256.625]","(-0.001, 2.0]","(-0.001, 2.5]","(-0.001, 2.0]","(-0.001, 256.625]"
Crudo Boston,"(-0.001, 2.5]","(-0.001, 256.625]","(-0.001, 2.0]","(2.5, 61.25]","(-0.001, 2.0]","(256.625, 1633.0]"
Meimei dumplings,"(-0.001, 2.5]","(-0.001, 256.625]","(-0.001, 2.0]","(-0.001, 2.5]","(-0.001, 2.0]","(-0.001, 256.625]"
Meimei dumplings,"(-0.001, 2.5]","(-0.001, 256.625]","(-0.001, 2.0]","(-0.001, 2.5]","(-0.001, 2.0]","(-0.001, 256.625]"
Meimei dumplings,"(-0.001, 2.5]","(-0.001, 256.625]","(-0.001, 2.0]","(-0.001, 2.5]","(-0.001, 2.0]","(-0.001, 256.625]"
Meimei dumplings,"(-0.001, 2.5]","(-0.001, 256.625]","(-0.001, 2.0]","(2.5, 61.25]","(2.0, 197.0]","(256.625, 1633.0]"
Meimei dumplings,"(2.5, 61.25]","(256.625, 1633.0]","(2.0, 197.0]","(-0.001, 2.5]","(-0.001, 2.0]","(-0.001, 256.625]"
Paramount Southie,"(-0.001, 2.5]","(-0.001, 256.625]","(-0.001, 2.0]","(-0.001, 2.5]","(-0.001, 2.0]","(-0.001, 256.625]"
Paramount Southie,"(-0.001, 2.5]","(-0.001, 256.625]","(-0.001, 2.0]","(-0.001, 2.5]","(-0.001, 2.0]","(-0.001, 256.625]"
Paramount Southie,"(-0.001, 2.5]","(-0.001, 256.625]","(-0.001, 2.0]","(-0.001, 2.5]","(-0.001, 2.0]","(-0.001, 256.625]"
Paramount Southie,"(-0.001, 2.5]","(-0.001, 256.625]","(-0.001, 2.0]","(-0.001, 2.5]","(-0.001, 2.0]","(-0.001, 256.625]"
Paramount Southie,"(-0.001, 2.5]","(-0.001, 256.625]","(-0.001, 2.0]","(-0.001, 2.5]","(-0.001, 2.0]","(-0.001, 256.625]"
Teado Central,"(-0.001, 2.5]","(-0.001, 256.625]","(-0.001, 2.0]","(-0.001, 2.5]","(-0.001, 2.0]","(-0.001, 256.625]"
Teado Central,"(-0.001, 2.5]","(-0.001, 256.625]","(-0.001, 2.0]","(-0.001, 2.5]","(-0.001, 2.0]","(-0.001, 256.625]"
Teado Central,"(-0.001, 2.5]","(-0.001, 256.625]","(-0.001, 2.0]","(-0.001, 2.5]","(-0.001, 2.0]","(-0.001, 256.625]"
Teado Central,"(-0.001, 2.5]","(-0.001, 256.625]","(-0.001, 2.0]","(-0.001, 2.5]","(-0.001, 2.0]","(-0.001, 256.625]"
Teado Central,"(-0.001, 2.5]","(-0.001, 256.625]","(-0.001, 2.0]","(-0.001, 2.5]","(-0.001, 2.0]","(-0.001, 256.625]"
Trade Boston,"(2.5, 61.25]","(256.625, 1633.0]","(-0.001, 2.0]","(-0.001, 2.5]","(-0.001, 2.0]","(-0.001, 256.625]"
Trade Boston,"(-0.001, 2.5]","(-0.001, 256.625]","(-0.001, 2.0]","(2.5, 61.25]","(2.0, 197.0]","(256.625, 1633.0]"
Trade Boston,"(2.5, 61.25]","(256.625, 1633.0]","(2.0, 197.0]","(-0.001, 2.5]","(-0.001, 2.0]","(-0.001, 256.625]"
Trade Boston,"(-0.001, 2.5]","(-0.001, 256.625]","(-0.001, 2.0]","(2.5, 61.25]","(2.0, 197.0]","(256.625, 1633.0]"
Trade Boston,"(2.5, 61.25]","(256.625, 1633.0]","(2.0, 197.0]","(-0.001, 2.5]","(-0.001, 2.0]","(-0.001, 256.625]"
